tests/test_bootstrap.py::test_system_envelope
tests/test_bootstrap.py::test_safe_errors[/api/v1/system?unknown=x-400-INVALID_REQUEST]
tests/test_bootstrap.py::test_safe_errors[/api/v1/system?registry_revision=a&registry_revision=b-400-INVALID_REQUEST]
tests/test_bootstrap.py::test_safe_errors[/api/v1/system?registry_revision=missing-409-REVISION_UNAVAILABLE]
tests/test_bootstrap.py::test_safe_errors[/api/v1/not-a-route-404-API_ROUTE_NOT_FOUND]
tests/test_bootstrap.py::test_safe_errors[/api/not-a-route-404-API_ROUTE_NOT_FOUND]
tests/test_bootstrap.py::test_method_error_keeps_allow
tests/test_bootstrap.py::test_openapi_valid_and_all_references_resolve
tests/test_bootstrap.py::test_fake_adapter_injection_and_independent_apps
tests/test_bootstrap.py::test_window2_can_register_api_against_fake_adapter
tests/test_bootstrap.py::test_catalog_explicit_numeric_and_repeated_parser[/api/v1/test/configs/D_u/snapshots/1?offset=2&series=a&series=b-200]
tests/test_bootstrap.py::test_catalog_explicit_numeric_and_repeated_parser[/api/v1/test/configs/D_u/snapshots/0-400]
tests/test_bootstrap.py::test_catalog_explicit_numeric_and_repeated_parser[/api/v1/test/configs/D_u/snapshots/1?offset=1&offset=2-400]
tests/test_bootstrap.py::test_catalog_explicit_numeric_and_repeated_parser[/api/v1/test/configs/D_u/snapshots/1?unknown=1-400]
tests/test_bootstrap.py::test_catalog_explicit_numeric_and_repeated_parser[/api/v1/test/configs/D_u/snapshots/1?snapshot_index=2-400]
tests/test_bootstrap.py::test_adapter_bad_output_is_not_client_400
tests/test_bootstrap.py::test_component_conflicts_fail_instead_of_overwriting
tests/test_bootstrap.py::test_frozen_docs_hashes_unchanged
tests/test_bootstrap.py::test_accounts_cannot_be_enabled
tests/test_bootstrap.py::test_factory_never_opens_configured_scientific_paths
tests/test_models.py::test_facts_reject_invalid_variants[payload0]
tests/test_models.py::test_facts_reject_invalid_variants[payload1]
tests/test_models.py::test_facts_reject_invalid_variants[payload2]
tests/test_models.py::test_facts_reject_invalid_variants[payload3]
tests/test_models.py::test_facts_reject_invalid_variants[payload4]
tests/test_models.py::test_facts_reject_invalid_variants[payload5]
tests/test_models.py::test_facts_reject_invalid_variants[payload6]
tests/test_models.py::test_facts_reject_invalid_variants[payload7]
tests/test_models.py::test_zero_is_known_not_missing
tests/test_models.py::test_hash_validation[AAAAAAAAAAAAAAAAAAAAAAAAAAAAAAAAAAAAAAAAAAAAAAAAAAAAAAAAAAAAAAAA]
tests/test_models.py::test_hash_validation[aaaaaaaaaaaaaaaaaaaaaaaaaaaaaaaaaaaaaaaaaaaaaaaaaaaaaaaaaaaaaaa]
tests/test_models.py::test_hash_validation[xxxxxxxxxxxxxxxxxxxxxxxxxxxxxxxxxxxxxxxxxxxxxxxxxxxxxxxxxxxxxxxx]
tests/test_models.py::test_hash_accepts_lowercase_sha256
tests/test_models.py::test_snapshot_zero_and_coercion_are_rejected[0]
tests/test_models.py::test_snapshot_zero_and_coercion_are_rejected[-1]
tests/test_models.py::test_snapshot_zero_and_coercion_are_rejected[True]
tests/test_models.py::test_snapshot_zero_and_coercion_are_rejected[1]
tests/test_models.py::test_stage_bool_and_out_of_range_rejected
tests/test_models.py::test_timestamp_timezone_required
tests/test_models.py::test_dtype_is_strict[int64-values0]
tests/test_models.py::test_dtype_is_strict[bool-values1]
tests/test_models.py::test_dtype_is_strict[float64-values2]
tests/test_models.py::test_dtype_is_strict[complex128-values3]
tests/test_models.py::test_dtype_is_strict[float64-values4]
tests/test_models.py::test_dtype_is_strict[int64-values5]
tests/test_models.py::test_array_roundtrip[int64-values0]
tests/test_models.py::test_array_roundtrip[float64-values1]
tests/test_models.py::test_array_roundtrip[bool-values2]
tests/test_models.py::test_array_roundtrip[complex128-values3]
tests/test_models.py::test_shape_and_flat_length_rejected
tests/test_models.py::test_mock_cannot_claim_verified
tests/test_models.py::test_scientific_evidence_required
tests/test_models.py::test_metric_time_cannot_disagree
tests/test_models.py::test_slots_have_no_zero_fill
tests/test_models.py::test_envelope_requires_data_and_valid_issues
tests/test_models.py::test_pagination_preserves_total
tests/test_models.py::test_public_models_forbid_absolute_locators
tests/test_models.py::test_all_slice_models_export_serialization_schemas
tests/test_models.py::test_frozen_subset_has_canonical_exports
tests/v2_p0/test_catalog_extensions.py::test_json_body_and_202_contract
tests/v2_p0/test_catalog_extensions.py::test_strict_json_body_preserves_json_specific_types
tests/v2_p0/test_catalog_extensions.py::test_body_rejected_before_handler[{"value": 1}-text/plain-415]
tests/v2_p0/test_catalog_extensions.py::test_body_rejected_before_handler[-application/json-400]
tests/v2_p0/test_catalog_extensions.py::test_body_rejected_before_handler[{-application/json-400]
tests/v2_p0/test_catalog_extensions.py::test_body_rejected_before_handler[null-application/json-400]
tests/v2_p0/test_catalog_extensions.py::test_body_rejected_before_handler[[]-application/json-400]
tests/v2_p0/test_catalog_extensions.py::test_body_rejected_before_handler[{"value":"1"}-application/json-400]
tests/v2_p0/test_catalog_extensions.py::test_body_rejected_before_handler[{"value":NaN}-application/json-400]
tests/v2_p0/test_catalog_extensions.py::test_body_rejected_before_handler[{"value":1e999}-application/json-400]
tests/v2_p0/test_catalog_extensions.py::test_body_rejected_before_handler[{"value":1,"other":2}-application/json-400]
tests/v2_p0/test_catalog_extensions.py::test_body_rejected_before_handler[{"value":1,"value":2}-application/json-400]
tests/v2_p0/test_catalog_extensions.py::test_body_does_not_override_path_or_query
tests/v2_p0/test_catalog_extensions.py::test_text_response_is_not_json_serialized[text/event-stream-id: 1\ndata: queued\n\n]
tests/v2_p0/test_catalog_extensions.py::test_text_response_is_not_json_serialized[text/html-<html>report</html>]
tests/v2_p0/test_catalog_extensions.py::test_wrong_text_transport_is_a_server_error
tests/v2_p0/test_catalog_extensions.py::test_text_mime_or_error_status_cannot_be_promoted_to_success[text/html-200]
tests/v2_p0/test_catalog_extensions.py::test_text_mime_or_error_status_cannot_be_promoted_to_success[text/event-stream-500]
tests/v2_p0/test_catalog_extensions.py::test_invalid_operation_metadata_fails_at_registration[updates0]
tests/v2_p0/test_catalog_extensions.py::test_invalid_operation_metadata_fails_at_registration[updates1]
tests/v2_p0/test_catalog_extensions.py::test_invalid_operation_metadata_fails_at_registration[updates2]
tests/v2_p0/test_catalog_extensions.py::test_invalid_operation_metadata_fails_at_registration[updates3]
tests/v2_p0/test_catalog_extensions.py::test_invalid_operation_metadata_fails_at_registration[updates4]
tests/v2_p0/test_catalog_extensions.py::test_invalid_operation_metadata_fails_at_registration[updates5]
tests/v2_p0/test_catalog_extensions.py::test_invalid_operation_metadata_fails_at_registration[updates6]
tests/v2_p0/test_catalog_extensions.py::test_invalid_operation_metadata_fails_at_registration[updates7]
tests/v2_p0/test_catalog_extensions.py::test_invalid_operation_metadata_fails_at_registration[updates8]
tests/v2_p0/test_catalog_extensions.py::test_invalid_operation_metadata_fails_at_registration[updates9]
tests/v2_p0/test_catalog_extensions.py::test_v1_openapi_and_types_remain_identical
tests/v2_p0/test_runtime_paths.py::test_runtime_is_server_owned_and_resolution_does_not_write
tests/v2_p0/test_runtime_paths.py::test_untrusted_run_path_rejected[../science]
tests/v2_p0/test_runtime_paths.py::test_untrusted_run_path_rejected[D:/Paper]
tests/v2_p0/test_runtime_paths.py::test_untrusted_run_path_rejected[run-1]
tests/v2_p0/test_runtime_paths.py::test_untrusted_run_path_rejected[]
tests/v2_p0/test_runtime_paths.py::test_untrusted_run_path_rejected[00000000000000000000000000000000]
tests/v2_p0/test_runtime_paths.py::test_overlapping_scientific_source_rejected
tests/v2_p0/test_runtime_paths.py::test_runtime_symlink_escape_rejected
tests/v2_p0/test_runtime_paths.py::test_windows_junction_escape_rejected[runtime]
tests/v2_p0/test_runtime_paths.py::test_windows_junction_escape_rejected[runtime/runs]
tests/v2_p1/test_ai_client.py::test_client_uses_backend_secret_and_bounded_json_mode
tests/v2_p1/test_ai_client.py::test_missing_key_does_not_access_network
tests/v2_p1/test_ai_client.py::test_content_length_response_can_close_after_final_chunk
tests/v2_p1/test_ai_client.py::test_provider_errors_are_safe_and_do_not_retry[failure0-True]
tests/v2_p1/test_ai_client.py::test_provider_errors_are_safe_and_do_not_retry[failure1-True]
tests/v2_p1/test_ai_client.py::test_provider_errors_are_safe_and_do_not_retry[failure2-True]
tests/v2_p1/test_ai_client.py::test_provider_errors_are_safe_and_do_not_retry[failure3-False]
tests/v2_p1/test_ai_client.py::test_provider_errors_are_safe_and_do_not_retry[failure4-True]
tests/v2_p1/test_ai_client.py::test_provider_errors_are_safe_and_do_not_retry[failure5-True]
tests/v2_p1/test_ai_client.py::test_provider_errors_are_safe_and_do_not_retry[failure6-False]
tests/v2_p1/test_ai_client.py::test_malformed_truncated_empty_and_oversized_provider_output[empty-object]
tests/v2_p1/test_ai_client.py::test_malformed_truncated_empty_and_oversized_provider_output[invalid-json]
tests/v2_p1/test_ai_client.py::test_malformed_truncated_empty_and_oversized_provider_output[oversized]
tests/v2_p1/test_ai_client.py::test_malformed_truncated_empty_and_oversized_provider_output[truncated]
tests/v2_p1/test_ai_client.py::test_malformed_truncated_empty_and_oversized_provider_output[empty-content]
tests/v2_p1/test_ai_client.py::test_non_official_endpoints_rejected[http://api.deepseek.com]
tests/v2_p1/test_ai_client.py::test_non_official_endpoints_rejected[https://example.org]
tests/v2_p1/test_ai_client.py::test_non_official_endpoints_rejected[https://api.deepseek.com.evil.org]
tests/v2_p1/test_ai_client.py::test_non_official_endpoints_rejected[https://user:password@api.deepseek.com]
tests/v2_p1/test_ai_client.py::test_non_official_endpoints_rejected[https://api.deepseek.com/other]
tests/v2_p1/test_ai_client.py::test_non_official_endpoints_rejected[https://api.deepseek.com?key=secret]
tests/v2_p1/test_ai_client.py::test_no_redirects_protects_authorization
tests/v2_p1/test_experiments.py::test_standalone_capabilities_do_not_enable_web_execution
tests/v2_p1/test_experiments.py::test_complete_paper_protocol_and_classification[A_u-13.2-0]
tests/v2_p1/test_experiments.py::test_complete_paper_protocol_and_classification[B_u-3.96-0]
tests/v2_p1/test_experiments.py::test_complete_paper_protocol_and_classification[C_u-13.2-0.396]
tests/v2_p1/test_experiments.py::test_complete_paper_protocol_and_classification[D_u-3.96-0.396]
tests/v2_p1/test_experiments.py::test_three_entry_modes_share_normalization_and_hash
tests/v2_p1/test_experiments.py::test_negative_zero_and_integer_float_notation_normalize
tests/v2_p1/test_experiments.py::test_template_lineage_not_relabelled_when_d_becomes_b
tests/v2_p1/test_experiments.py::test_paper_grid_change_reports_actual_grid
tests/v2_p1/test_experiments.py::test_no_paper_identity_without_template_and_approved_fast
tests/v2_p1/test_experiments.py::test_invalid_or_unknown_fields_are_rejected[grid.nx-True]
tests/v2_p1/test_experiments.py::test_invalid_or_unknown_fields_are_rejected[grid.nx-64.0]
tests/v2_p1/test_experiments.py::test_invalid_or_unknown_fields_are_rejected[grid.nx-64]
tests/v2_p1/test_experiments.py::test_invalid_or_unknown_fields_are_rejected[grid.ny-1.5]
tests/v2_p1/test_experiments.py::test_invalid_or_unknown_fields_are_rejected[grid.nx-129]
tests/v2_p1/test_experiments.py::test_invalid_or_unknown_fields_are_rejected[grid.ny-0]
tests/v2_p1/test_experiments.py::test_invalid_or_unknown_fields_are_rejected[time.cfl-0.05]
tests/v2_p1/test_experiments.py::test_invalid_or_unknown_fields_are_rejected[time.cfl-True]
tests/v2_p1/test_experiments.py::test_invalid_or_unknown_fields_are_rejected[time.cfl-0]
tests/v2_p1/test_experiments.py::test_invalid_or_unknown_fields_are_rejected[time.final_time--0.01]
tests/v2_p1/test_experiments.py::test_invalid_or_unknown_fields_are_rejected[method.q_aa--1]
tests/v2_p1/test_experiments.py::test_invalid_or_unknown_fields_are_rejected[method.q_at-0.397]
tests/v2_p1/test_experiments.py::test_invalid_or_unknown_fields_are_rejected[physics.mach-False]
tests/v2_p1/test_experiments.py::test_invalid_or_unknown_fields_are_rejected[case_id-cylinder]
tests/v2_p1/test_experiments.py::test_invalid_or_unknown_fields_are_rejected[profile-production]
tests/v2_p1/test_experiments.py::test_invalid_or_unknown_fields_are_rejected[discretization.reconstruction-WENO]
tests/v2_p1/test_experiments.py::test_invalid_or_unknown_fields_are_rejected[discretization.positivity_clipping-0]
tests/v2_p1/test_experiments.py::test_invalid_or_unknown_fields_are_rejected[time.integrator-Euler]
tests/v2_p1/test_experiments.py::test_invalid_or_unknown_fields_are_rejected[method.method_id-other]
tests/v2_p1/test_experiments.py::test_invalid_or_unknown_fields_are_rejected[physics.epsilon-0.0001]
tests/v2_p1/test_experiments.py::test_invalid_or_unknown_fields_are_rejected[method.gate-Acoustic]
tests/v2_p1/test_experiments.py::test_invalid_or_unknown_fields_are_rejected[output.snapshot_interval-0.01]
tests/v2_p1/test_experiments.py::test_invalid_or_unknown_fields_are_rejected[command-cmd]
tests/v2_p1/test_experiments.py::test_unsupported_values_fail_with_field_details[time.cfl-0.04]
tests/v2_p1/test_experiments.py::test_unsupported_values_fail_with_field_details[time.final_time-0.02]
tests/v2_p1/test_experiments.py::test_unsupported_values_fail_with_field_details[method.q_aa-4.0]
tests/v2_p1/test_experiments.py::test_unsupported_values_fail_with_field_details[method.q_at-0.1]
tests/v2_p1/test_experiments.py::test_unsupported_values_fail_with_field_details[physics.mach-5.0]
tests/v2_p1/test_experiments.py::test_unsupported_values_fail_with_field_details[physics.gamma-1.5]
tests/v2_p1/test_experiments.py::test_unsupported_values_fail_with_field_details[physics.initial_condition.corrugation_amplitude-0.0001]
tests/v2_p1/test_experiments.py::test_unsupported_values_fail_with_field_details[physics.initial_condition.wavelength_count-3]
tests/v2_p1/test_experiments.py::test_unsupported_values_fail_with_field_details[grid.domain.x-value8]
tests/v2_p1/test_experiments.py::test_unsupported_values_fail_with_field_details[output.checkpoint_fractions-value9]
tests/v2_p1/test_experiments.py::test_unsupported_values_fail_with_field_details[discretization.artificial_viscosity-True]
tests/v2_p1/test_experiments.py::test_grid_combination_revision_and_lineage_fail
tests/v2_p1/test_experiments.py::test_json_preflight_safe_failures[{}]
tests/v2_p1/test_experiments.py::test_json_preflight_safe_failures[[]]
tests/v2_p1/test_experiments.py::test_json_preflight_safe_failures[{]
tests/v2_p1/test_experiments.py::test_json_preflight_safe_failures[{"a":1,"a":2}]
tests/v2_p1/test_experiments.py::test_json_preflight_safe_failures[{"a":NaN}]
tests/v2_p1/test_experiments.py::test_json_preflight_safe_failures[{"a":Infinity}]
tests/v2_p1/test_experiments.py::test_non_finite_numbers_rejected[NaN-method.q_aa]
tests/v2_p1/test_experiments.py::test_non_finite_numbers_rejected[NaN-physics.mach]
tests/v2_p1/test_experiments.py::test_non_finite_numbers_rejected[Infinity-method.q_aa]
tests/v2_p1/test_experiments.py::test_non_finite_numbers_rejected[Infinity-physics.mach]
tests/v2_p1/test_experiments.py::test_non_finite_numbers_rejected[-Infinity-method.q_aa]
tests/v2_p1/test_experiments.py::test_non_finite_numbers_rejected[-Infinity-physics.mach]
tests/v2_p1/test_experiments.py::test_non_finite_numbers_rejected[1e999-method.q_aa]
tests/v2_p1/test_experiments.py::test_non_finite_numbers_rejected[1e999-physics.mach]
tests/v2_p1/test_experiments.py::test_media_type_unknown_query_method_and_size
tests/v2_p1/test_experiments.py::test_long_unknown_field_names_remain_client_errors
tests/v2_p1/test_experiments.py::test_ai_template_equivalent_to_other_modes_and_no_run
tests/v2_p1/test_experiments.py::test_ai_paper_modified_not_silently_relabelled
tests/v2_p1/test_experiments.py::test_ai_missing_baseline_and_parameters_require_clarification
tests/v2_p1/test_experiments.py::test_ai_cannot_guess_ambiguous_templates_or_other_cases[\u4f7f\u7528\u8bba\u6587\u6807\u51c6]
tests/v2_p1/test_experiments.py::test_ai_cannot_guess_ambiguous_templates_or_other_cases[\u521b\u5efa\u5b9e\u9a8c]
tests/v2_p1/test_experiments.py::test_ai_cannot_guess_ambiguous_templates_or_other_cases[D_u \u66f4\u7a33\u5b9a]
tests/v2_p1/test_experiments.py::test_ai_cannot_guess_ambiguous_templates_or_other_cases[D_u Case9]
tests/v2_p1/test_experiments.py::test_ai_cannot_guess_ambiguous_templates_or_other_cases[D_u \u5706\u67f1]
tests/v2_p1/test_experiments.py::test_ai_custom_complete_and_unknown_template
tests/v2_p1/test_experiments.py::test_explicit_unsupported_request_survives_model_omission[D_u epsilon=0.0001]
tests/v2_p1/test_experiments.py::test_explicit_unsupported_request_survives_model_omission[D_u Gate Acoustic]
tests/v2_p1/test_experiments.py::test_explicit_unsupported_request_survives_model_omission[D_u WENO]
tests/v2_p1/test_experiments.py::test_explicit_unsupported_request_survives_model_omission[D_u \u5feb\u7167\u95f4\u96940.01]
tests/v2_p1/test_experiments.py::test_ai_cannot_drop_or_substitute_named_numeric_values[D_u q_aa=13.2-params0]
tests/v2_p1/test_experiments.py::test_ai_cannot_drop_or_substitute_named_numeric_values[D_u Mach=5-params1]
tests/v2_p1/test_experiments.py::test_ai_cannot_drop_or_substitute_named_numeric_values[D_u q_at=0\uff0cq_at=0.396-params2]
tests/v2_p1/test_experiments.py::test_ai_cannot_drop_or_substitute_named_numeric_values[D_u Nx=64-params3]
tests/v2_p1/test_experiments.py::test_ai_unsupported_numeric_retained_for_review
tests/v2_p1/test_experiments.py::test_ai_cannot_ignore_unlabelled_grid_or_ambiguous_q[D_u \u7f51\u683c64\xd716]
tests/v2_p1/test_experiments.py::test_ai_cannot_ignore_unlabelled_grid_or_ambiguous_q[D_u q=0.396]
tests/v2_p1/test_experiments.py::test_invalid_ai_output_is_not_a_success[{}]
tests/v2_p1/test_experiments.py::test_invalid_ai_output_is_not_a_success[[]]
tests/v2_p1/test_experiments.py::test_invalid_ai_output_is_not_a_success[bad]
tests/v2_p1/test_experiments.py::test_invalid_ai_output_is_not_a_success[]
tests/v2_p1/test_experiments.py::test_invalid_ai_output_is_not_a_success[{"a":1,"a":2}]
tests/v2_p1/test_experiments.py::test_invalid_ai_output_is_not_a_success[{"template_id": "case8.paper.D_u", "parameters": {"nx": 64.0}, "unresolved_fields": [], "unsupported_fields": [], "warnings": []}]
tests/v2_p1/test_experiments.py::test_invalid_ai_output_is_not_a_success[{"template_id": "case8.paper.D_u", "parameters": {"command": "run"}, "unresolved_fields": [], "unsupported_fields": [], "warnings": []}]
tests/v2_p1/test_experiments.py::test_invalid_ai_output_is_not_a_success[{"template_id": "case8.paper.D_u", "parameters": {"q_at": "0"}, "unresolved_fields": [], "unsupported_fields": [], "warnings": []}]
tests/v2_p1/test_experiments.py::test_invalid_ai_output_is_not_a_success[{"template_id": "case8.paper.D_u", "parameters": {"q_at": NaN}, "unresolved_fields": [], "unsupported_fields": [], "warnings": []}]
tests/v2_p1/test_experiments.py::test_ai_failure_is_independent_of_template_validation
tests/v2_p1/test_experiments.py::test_ai_api_success_and_stale_revision_does_not_call_provider
tests/v2_p1/test_experiments.py::test_v1_contract_subset_unchanged
tests/v2_p1/test_experiments.py::test_v2_catalog_and_error_contract_are_exact
tests/v2_p2/test_solver_runtime.py::test_same_config_creates_independent_runs
tests/v2_p2/test_solver_runtime.py::test_worker_environment_is_run_local_and_secret_free
tests/v2_p2/test_solver_runtime.py::test_invalid_smoke_never_creates_runtime[0]
tests/v2_p2/test_solver_runtime.py::test_invalid_smoke_never_creates_runtime[1]
tests/v2_p2/test_solver_runtime.py::test_invalid_smoke_never_creates_runtime[6]
tests/v2_p2/test_solver_runtime.py::test_invalid_smoke_never_creates_runtime[-1]
tests/v2_p2/test_solver_runtime.py::test_invalid_smoke_never_creates_runtime[True]
tests/v2_p2/test_solver_runtime.py::test_invalid_smoke_never_creates_runtime[3.0]
tests/v2_p2/test_solver_runtime.py::test_unsupported_config_never_creates_runtime
tests/v2_p2/test_solver_runtime.py::test_partial_run_is_explicit
tests/v2_p2/test_solver_runtime.py::test_result_is_unavailable_before_completion
tests/v2_p2/test_solver_runtime.py::test_output_tampering_rejected
tests/v2_p2/test_solver_runtime.py::test_completed_run_cannot_reexecute
tests/v2_p2/test_solver_runtime.py::test_forged_run_directory_rejected
tests/v2_p2/test_solver_runtime.py::test_failed_worker_does_not_retry_or_return_reference
tests/v2_p2/test_solver_runtime.py::test_start_failure_is_persisted
tests/v2_p2/test_solver_runtime.py::test_invalid_timeout_rejected_before_execution[0]
tests/v2_p2/test_solver_runtime.py::test_invalid_timeout_rejected_before_execution[-1]
tests/v2_p2/test_solver_runtime.py::test_invalid_timeout_rejected_before_execution[nan]
tests/v2_p2/test_solver_runtime.py::test_invalid_timeout_rejected_before_execution[inf]
tests/v2_p2/test_solver_runtime.py::test_artifact_escape_rejected[../outside.json]
tests/v2_p2/test_solver_runtime.py::test_artifact_escape_rejected[nested/../../outside.json]
tests/v2_p2/test_solver_runtime.py::test_artifact_escape_rejected[/outside.json]
tests/v2_p2/test_solver_runtime.py::test_internal_linked_subdirectory_rejected
tests/v2_p2/test_solver_runtime.py::test_drift_before_import_rejected
tests/v2_p2/test_solver_runtime.py::test_unregistered_submodule_cannot_import
tests/v2_p2/test_solver_runtime.py::test_loaded_wrong_module_rejected
tests/v2_p2/test_solver_runtime.py::test_hash_locked_import_does_not_create_bytecode
tests/v2_p2/test_solver_runtime.py::test_existing_bytecode_cannot_override_locked_source
tests/v2_p2/test_solver_runtime.py::test_missing_bytecode_guard_rejected
tests/v2_p2/test_solver_runtime.py::test_dynamic_timestep_uses_grid_and_final_time
tests/v2_p2/test_solver_runtime.py::test_diagnostics_fail_without_configuration_recovery[dotE_at-1e-05-ZERO_CHANNEL]
tests/v2_p2/test_solver_runtime.py::test_diagnostics_fail_without_configuration_recovery[pi_at_max-1e-05-ZERO_CHANNEL]
tests/v2_p2/test_solver_runtime.py::test_diagnostics_fail_without_configuration_recovery[dotE_bg--1.0-NEGATIVE]
tests/v2_p2/test_solver_runtime.py::test_diagnostics_fail_without_configuration_recovery[dotE_bg-nan-NONFINITE]
tests/v2_p2/test_solver_runtime.py::test_diagnostics_fail_without_configuration_recovery[dotE_additivity_abs_error-1e-05-ADDITIVITY]
tests/v2_p2/test_solver_runtime.py::test_diagnostic_stage_count_guard
tests/v2_p3/test_runs.py::test_concurrent_retries_create_one_persistent_run
tests/v2_p3/test_runs.py::test_new_key_means_new_run_and_changed_request_key_conflicts
tests/v2_p3/test_runs.py::test_confirmation_revision_and_input_revalidated_before_queue
tests/v2_p3/test_runs.py::test_queue_limit_retry_and_queued_cancel
tests/v2_p3/test_runs.py::test_offline_submission_never_creates_run
tests/v2_p3/test_runs.py::test_unknown_id_does_not_create_directory[../escape]
tests/v2_p3/test_runs.py::test_unknown_id_does_not_create_directory[bad]
tests/v2_p3/test_runs.py::test_unknown_id_does_not_create_directory[FFFFFFFF-FFFF-FFFF-FFFF-FFFFFFFFFFFF]
tests/v2_p3/test_runs.py::test_unknown_id_does_not_create_directory[af7b2d9b-2bde-4532-86bd-edccc56362f5]
tests/v2_p3/test_runs.py::test_api_accepts_202_without_starting_process
tests/v2_p3/test_runs.py::test_api_rejects_bad_pagination[limit=0]
tests/v2_p3/test_runs.py::test_api_rejects_bad_pagination[limit=101]
tests/v2_p3/test_runs.py::test_api_rejects_bad_pagination[offset=-1]
tests/v2_p3/test_runs.py::test_api_rejects_bad_pagination[limit=1&limit=2]
tests/v2_p3/test_runs.py::test_api_rejects_bad_pagination[path=anything]
tests/v2_p3/test_runs.py::test_api_rejects_bad_pagination[status=UNKNOWN]
tests/v2_p3/test_runs.py::test_unknown_run_errors_identify_run_resource
tests/v2_p3/test_runs.py::test_sse_replays_monotonic_ids_and_releases_capacity
tests/v2_p3/test_runs.py::test_event_slots_keep_normal_api_available
tests/v2_p3/test_runs.py::test_cancel_final_record_does_not_change_terminal_status
tests/v2_p3/test_runs.py::test_recovery_marks_interrupted_and_preserves_queue
tests/v2_p3/test_runs.py::test_recovery_repairs_index_without_losing_idempotency
tests/v2_p3/test_runs.py::test_api_crash_index_gap_is_repaired_before_retry_or_dispatch
tests/v2_p3/test_runs.py::test_worker_crash_is_failed_once
tests/v2_p3/test_runs.py::test_completed_process_output_drift_never_publishes_success
tests/v2_p3/test_runs.py::test_only_one_manager_can_hold_leader_lock
tests/v2_p3/test_runs.py::test_incomplete_and_cancelled_results_not_served
tests/v2_p3/test_runs.py::test_mutable_control_and_temporary_files_are_not_scientific_identity
tests/v2_p3/test_runs.py::test_three_entry_modes_share_run_validation_without_automatic_launch
tests/v2_p3/test_runs.py::test_cancel_wins_during_output_validation
tests/v2_p3/test_runs.py::test_recovery_finishes_already_requested_cancel
tests/v2_p3/test_runs.py::test_capacity_audit_tolerates_concurrent_atomic_commit
tests/v2_p4/test_results.py::test_ideal_gas_field_algebra
tests/v2_p4/test_results.py::test_invalid_conservative_fields_fail[state0]
tests/v2_p4/test_results.py::test_invalid_conservative_fields_fail[state1]
tests/v2_p4/test_results.py::test_invalid_conservative_fields_fail[state2]
tests/v2_p4/test_results.py::test_invalid_conservative_fields_fail[state3]
tests/v2_p4/test_results.py::test_allocation_stage_weights_exclude_snapshot_observation
tests/v2_p4/test_results.py::test_legacy_absence_and_real_zero_differ
tests/v2_p4/test_results.py::test_native_faces_geometry_and_zero_allocation
tests/v2_p4/test_results.py::test_allocation_integral_mismatch_is_rejected
tests/v2_p4/test_results.py::test_history_rk_mismatch_is_rejected
tests/v2_p4/test_results.py::test_missing_front_hf_stays_null
tests/v2_p4/test_results.py::test_api_field_context_and_evidence
tests/v2_p4/test_results.py::test_context_rejects_invalid_region[field=bad]
tests/v2_p4/test_results.py::test_context_rejects_invalid_region[x_min=0]
tests/v2_p4/test_results.py::test_context_rejects_invalid_region[x_min=nan&x_max=1&y_min=0&y_max=1]
tests/v2_p4/test_results.py::test_context_rejects_invalid_region[x_min=.5&x_max=.1&y_min=0&y_max=1]
tests/v2_p4/test_results.py::test_context_rejects_invalid_region[x_min=-1&x_max=.5&y_min=0&y_max=1]
tests/v2_p4/test_results.py::test_context_rejects_invalid_region[path=elsewhere]
tests/v2_p4/test_results.py::test_failed_or_pending_results_never_publish
tests/v2_p4/test_results.py::test_output_drift_is_explicit_server_error
tests/v2_p4/test_results.py::test_unknown_snapshot_has_no_fallback
tests/v2_p5/test_analysis.py::test_cache_survives_refresh_restart_and_disabled_provider
tests/v2_p5/test_analysis.py::test_model_and_prompt_invalidate_cache
tests/v2_p5/test_analysis.py::test_context_has_only_compact_available_evidence_and_real_zero
tests/v2_p5/test_analysis.py::test_chat_recomputes_view_and_never_runs_solver
tests/v2_p5/test_analysis.py::test_invalid_or_exaggerated_outputs_never_cache[ref]
tests/v2_p5/test_analysis.py::test_invalid_or_exaggerated_outputs_never_cache[missing]
tests/v2_p5/test_analysis.py::test_invalid_or_exaggerated_outputs_never_cache[number]
tests/v2_p5/test_analysis.py::test_invalid_or_exaggerated_outputs_never_cache[percent]
tests/v2_p5/test_analysis.py::test_invalid_or_exaggerated_outputs_never_cache[universal]
tests/v2_p5/test_analysis.py::test_invalid_or_exaggerated_outputs_never_cache[entropy]
tests/v2_p5/test_analysis.py::test_invalid_or_exaggerated_outputs_never_cache[html]
tests/v2_p5/test_analysis.py::test_invalid_or_exaggerated_outputs_never_cache[extra]
tests/v2_p5/test_analysis.py::test_invalid_or_exaggerated_outputs_never_cache[kind]
tests/v2_p5/test_analysis.py::test_invalid_or_exaggerated_outputs_never_cache[duplicate]
tests/v2_p5/test_analysis.py::test_invalid_or_exaggerated_outputs_never_cache[nan]
tests/v2_p5/test_analysis.py::test_missing_metrics_and_empty_region_keep_null
tests/v2_p5/test_analysis.py::test_failure_does_not_publish_cache_or_break_results
tests/v2_p5/test_analysis.py::test_busy_run_does_not_duplicate_provider_call
tests/v2_p5/test_analysis.py::test_unknown_unfinished_or_invalid_selection_never_call_ai
tests/v2_p5/test_analysis.py::test_cache_tamper_fails_closed
tests/v2_p5/test_analysis.py::test_numeric_prose_requires_same_claim_evidence
tests/v2_p5/test_analysis.py::test_changed_result_hash_invalidates_cache
tests/v2_p5/test_analysis.py::test_uncached_missing_key_has_no_network_and_preserves_science
tests/v2_p5/test_analysis.py::test_zero_and_integer_counts_do_not_accept_nearby_invented_values[1e-13-entropy.E_at]
tests/v2_p5/test_analysis.py::test_zero_and_integer_counts_do_not_accept_nearby_invented_values[64.000001-grid.nx]
tests/v2_p5/test_client.py::test_retry_only_transient_errors_with_safe_usage
tests/v2_p5/test_client.py::test_permanent_errors_never_retry[401]
tests/v2_p5/test_client.py::test_permanent_errors_never_retry[403]
tests/v2_p5/test_client.py::test_permanent_errors_never_retry[302]
tests/v2_p5/test_client.py::test_permanent_errors_never_retry[400]
tests/v2_p5/test_client.py::test_daily_reservation_and_input_limit_prevent_network
tests/v2_p5/test_client.py::test_completed_usage_reconciles_reservation_once
tests/v2_p5/test_client.py::test_retry_limit_and_timeout_classification
tests/v2_p6/test_reports.py::test_deterministic_report_without_provider_is_complete_and_offline
tests/v2_p6/test_reports.py::test_ai_cache_changes_report_version_and_works_with_offline_provider
tests/v2_p6/test_reports.py::test_user_text_is_escaped_even_in_embedded_json
tests/v2_p6/test_reports.py::test_corrupt_ai_cache_degrades_without_unsafe_html
tests/v2_p6/test_reports.py::test_missing_metrics_and_allocation_never_become_zero
tests/v2_p6/test_reports.py::test_unknown_or_incomplete_runs_reject_report_and_arbitrary_queries
tests/v2_p6/test_reports.py::test_tampered_artifacts_are_rejected[html]
tests/v2_p6/test_reports.py::test_tampered_artifacts_are_rejected[identity]
tests/v2_p6/test_reports.py::test_tampered_artifacts_are_rejected[submission]
tests/v2_p6/test_reports.py::test_renderer_version_change_requires_new_report
tests/verification/test_allocation_foundation.py::test_frozen_field_variants_roundtrip_without_new_wire_fields[FACE_FIELD]
tests/verification/test_allocation_foundation.py::test_frozen_field_variants_roundtrip_without_new_wire_fields[CELL_FIELD]
tests/verification/test_allocation_foundation.py::test_time_or_measure_cannot_be_reinterpreted[FACE_FIELD]
tests/verification/test_allocation_foundation.py::test_time_or_measure_cannot_be_reinterpreted[CELL_FIELD]
tests/verification/test_allocation_foundation.py::test_face_to_cell_projection_is_not_authoritative_allocation
tests/verification/test_allocation_foundation.py::test_cumulative_face_map_cannot_be_relabelled_as_original_production
tests/verification/test_allocation_foundation.py::test_summary_keeps_original_sampling_but_rejects_different_integral
tests/verification/test_allocation_foundation.py::test_field_context_cannot_be_mixed[config]
tests/verification/test_allocation_foundation.py::test_field_context_cannot_be_mixed[time]
tests/verification/test_allocation_foundation.py::test_field_context_cannot_be_mixed[revision]
tests/verification/test_allocation_foundation.py::test_field_context_cannot_be_mixed[mask]
tests/verification/test_allocation_foundation.py::test_heatmap_and_deferred_cylinder_are_not_field_discriminators
tests/verification/test_allocation_foundation.py::test_service_and_optional_adapter_share_all_five_revision_pinned_methods
tests/verification/test_allocation_foundation.py::test_existing_adapter_remains_a_valid_case8_adapter
tests/verification/test_allocation_integration.py::test_real_allocation_scientific_and_evidence_closure[case8.D_u.allocation]
tests/verification/test_allocation_integration.py::test_real_allocation_scientific_and_evidence_closure[gate.Acoustic.allocation]
tests/verification/test_allocation_integration.py::test_real_allocation_scientific_and_evidence_closure[gate.Pressure.allocation]
tests/verification/test_allocation_integration.py::test_real_allocation_scientific_and_evidence_closure[gate.Ungated.allocation]
tests/verification/test_allocation_integration.py::test_gate_comparison_is_only_three_cell_fields
tests/verification/test_allocation_integration.py::test_absent_allocation_has_no_fabricated_values[case8.A_u.allocation]
tests/verification/test_allocation_integration.py::test_absent_allocation_has_no_fabricated_values[case8.B_u.allocation]
tests/verification/test_allocation_integration.py::test_absent_allocation_has_no_fabricated_values[case8.C_u.allocation]
tests/verification/test_allocation_integration.py::test_absent_allocation_has_no_fabricated_values[gate.Fourth.allocation]
tests/verification/test_allocation_integration.py::test_gate_drift_blocks_delivery_without_modifying_scientific_sources[Pi_at.npy]
tests/verification/test_allocation_integration.py::test_gate_drift_blocks_delivery_without_modifying_scientific_sources[entropy.csv]
tests/verification/test_allocation_integration.py::test_gate_drift_blocks_delivery_without_modifying_scientific_sources[matched_qat.json]
tests/verification/test_allocation_integration.py::test_gate_drift_blocks_delivery_without_modifying_scientific_sources[gate_ablation_analysis.csv]
tests/verification/test_allocation_integration.py::test_gate_drift_blocks_delivery_without_modifying_scientific_sources[README.md]
tests/verification/test_allocation_integration.py::test_selected_scientific_sources_remain_identical
tests/verification/test_api_contract.py::test_all_contract_case8_operations_are_registered
tests/verification/test_api_contract.py::test_registered_case8_paths_match_the_contract_exactly
tests/verification/test_api_contract.py::test_no_operation_is_advertised_for_the_deferred_allocation_endpoint
tests/verification/test_api_contract.py::test_integrated_catalog_declares_delivered_case8_operations
tests/verification/test_api_contract.py::test_openapi_document_is_valid_with_case8_routes
tests/verification/test_api_contract.py::test_snapshot_zero_is_rejected_as_invalid_request[A_u]
tests/verification/test_api_contract.py::test_snapshot_zero_is_rejected_as_invalid_request[B_u]
tests/verification/test_api_contract.py::test_snapshot_zero_is_rejected_as_invalid_request[C_u]
tests/verification/test_api_contract.py::test_snapshot_zero_is_rejected_as_invalid_request[D_u]
tests/verification/test_api_contract.py::test_snapshot_seven_is_rejected_as_snapshot_not_found[A_u]
tests/verification/test_api_contract.py::test_snapshot_seven_is_rejected_as_snapshot_not_found[B_u]
tests/verification/test_api_contract.py::test_snapshot_seven_is_rejected_as_snapshot_not_found[C_u]
tests/verification/test_api_contract.py::test_snapshot_seven_is_rejected_as_snapshot_not_found[D_u]
tests/verification/test_api_contract.py::test_snapshot_one_through_six_are_accepted[A_u]
tests/verification/test_api_contract.py::test_snapshot_one_through_six_are_accepted[B_u]
tests/verification/test_api_contract.py::test_snapshot_one_through_six_are_accepted[C_u]
tests/verification/test_api_contract.py::test_snapshot_one_through_six_are_accepted[D_u]
tests/verification/test_api_contract.py::test_du_snapshot_six_reports_canonical_step_and_time
tests/verification/test_api_contract.py::test_snapshot_list_reports_exactly_six_recorded_frames[A_u]
tests/verification/test_api_contract.py::test_snapshot_list_reports_exactly_six_recorded_frames[B_u]
tests/verification/test_api_contract.py::test_snapshot_list_reports_exactly_six_recorded_frames[C_u]
tests/verification/test_api_contract.py::test_snapshot_list_reports_exactly_six_recorded_frames[D_u]
tests/verification/test_api_contract.py::test_unknown_config_is_not_found
tests/verification/test_api_contract.py::test_unknown_config_error_lists_the_four_registered_configurations
tests/verification/test_api_contract.py::test_history_total_count_is_1912_for_every_configuration[A_u]
tests/verification/test_api_contract.py::test_history_total_count_is_1912_for_every_configuration[B_u]
tests/verification/test_api_contract.py::test_history_total_count_is_1912_for_every_configuration[C_u]
tests/verification/test_api_contract.py::test_history_total_count_is_1912_for_every_configuration[D_u]
tests/verification/test_api_contract.py::test_history_pagination_is_consistent_across_pages
tests/verification/test_api_contract.py::test_history_offset_past_the_end_returns_an_empty_page_not_an_error
tests/verification/test_api_contract.py::test_history_unknown_series_identity_is_rejected
tests/verification/test_api_contract.py::test_history_rejects_unknown_query_parameter
tests/verification/test_api_contract.py::test_case8_density_array_is_flat_json_with_matching_element_count
tests/verification/test_api_contract.py::test_array_rejects_unregistered_member_selector
tests/verification/test_api_contract.py::test_case8_failures_use_the_typed_error_envelope[/api/v1/experiments/case8/configs/D_u/snapshots/0-400-INVALID_REQUEST]
tests/verification/test_api_contract.py::test_case8_failures_use_the_typed_error_envelope[/api/v1/experiments/case8/configs/D_u/snapshots/7-404-SNAPSHOT_NOT_FOUND]
tests/verification/test_api_contract.py::test_case8_failures_use_the_typed_error_envelope[/api/v1/experiments/case8/configs/Z_u/snapshots-404-UNKNOWN_CONFIG]
tests/verification/test_api_contract.py::test_case8_failure_envelope_carries_the_server_request_id
tests/verification/test_api_contract.py::test_case8_method_mismatch_keeps_the_allow_header
tests/verification/test_api_contract.py::test_evidence_record_exposes_method_config_and_hash_identity
tests/verification/test_api_contract.py::test_evidence_verification_status_is_not_promoted_by_the_api
tests/verification/test_api_contract.py::test_provenance_route_returns_the_full_source_ref_list
tests/verification/test_api_contract.py::test_unknown_evidence_id_is_not_found
tests/verification/test_api_contract.py::test_openapi_paths_cover_every_case8_operation
tests/verification/test_api_contract.py::test_openapi_case8_responses_reference_resolvable_components
tests/verification/test_api_contract.py::test_openapi_documents_the_snapshot_not_found_error_for_c802
tests/verification/test_case8_scientific_truth.py::test_config_identity_set_is_the_four_recorded_configurations
tests/verification/test_case8_scientific_truth.py::test_window_level_aggregates_are_the_product_of_per_config_facts
tests/verification/test_case8_scientific_truth.py::test_each_config_has_six_recorded_snapshots[A_u]
tests/verification/test_case8_scientific_truth.py::test_each_config_has_six_recorded_snapshots[B_u]
tests/verification/test_case8_scientific_truth.py::test_each_config_has_six_recorded_snapshots[C_u]
tests/verification/test_case8_scientific_truth.py::test_each_config_has_six_recorded_snapshots[D_u]
tests/verification/test_case8_scientific_truth.py::test_each_config_has_1912_accepted_step_history_records[A_u]
tests/verification/test_case8_scientific_truth.py::test_each_config_has_1912_accepted_step_history_records[B_u]
tests/verification/test_case8_scientific_truth.py::test_each_config_has_1912_accepted_step_history_records[C_u]
tests/verification/test_case8_scientific_truth.py::test_each_config_has_1912_accepted_step_history_records[D_u]
tests/verification/test_case8_scientific_truth.py::test_accepted_step_expectation_matches_recorded_history_row_count
tests/verification/test_case8_scientific_truth.py::test_du_final_snapshot_index_step_and_time
tests/verification/test_case8_scientific_truth.py::test_terminal_snapshot_is_index_six_for_every_configuration[A_u]
tests/verification/test_case8_scientific_truth.py::test_terminal_snapshot_is_index_six_for_every_configuration[B_u]
tests/verification/test_case8_scientific_truth.py::test_terminal_snapshot_is_index_six_for_every_configuration[C_u]
tests/verification/test_case8_scientific_truth.py::test_terminal_snapshot_is_index_six_for_every_configuration[D_u]
tests/verification/test_case8_scientific_truth.py::test_snapshot_index_is_strictly_one_based_and_contiguous[A_u]
tests/verification/test_case8_scientific_truth.py::test_snapshot_index_is_strictly_one_based_and_contiguous[B_u]
tests/verification/test_case8_scientific_truth.py::test_snapshot_index_is_strictly_one_based_and_contiguous[C_u]
tests/verification/test_case8_scientific_truth.py::test_snapshot_index_is_strictly_one_based_and_contiguous[D_u]
tests/verification/test_case8_scientific_truth.py::test_snapshot_index_zero_is_not_a_legal_alias_for_the_initial_frame
tests/verification/test_case8_scientific_truth.py::test_intermediate_snapshot_times_are_not_naive_equal_spacing
tests/verification/test_case8_scientific_truth.py::test_snapshot_times_are_strictly_increasing_and_anchored_at_zero
tests/verification/test_case8_scientific_truth.py::test_snapshot_schedule_is_identical_across_configurations[A_u]
tests/verification/test_case8_scientific_truth.py::test_snapshot_schedule_is_identical_across_configurations[B_u]
tests/verification/test_case8_scientific_truth.py::test_snapshot_schedule_is_identical_across_configurations[C_u]
tests/verification/test_case8_scientific_truth.py::test_snapshot_schedule_is_identical_across_configurations[D_u]
tests/verification/test_case8_scientific_truth.py::test_cumulative_and_stage_increment_are_distinct_recorded_columns
tests/verification/test_case8_scientific_truth.py::test_du_terminal_E_at_matches_the_recorded_source_value
tests/verification/test_case8_scientific_truth.py::test_recorded_history_asset_hash_is_available_for_drift_detection
tests/verification/test_integration_real.py::test_real_arrays_and_histories_equal_recorded_source[A_u]
tests/verification/test_integration_real.py::test_real_arrays_and_histories_equal_recorded_source[B_u]
tests/verification/test_integration_real.py::test_real_arrays_and_histories_equal_recorded_source[C_u]
tests/verification/test_integration_real.py::test_real_arrays_and_histories_equal_recorded_source[D_u]
tests/verification/test_integration_real.py::test_metrics_definitions_and_provenance_are_source_bound
tests/verification/test_integration_real.py::test_missing_metric_is_a_missing_slot_without_value
tests/verification/test_integration_real.py::test_bad_array_identity_cannot_read_another_member[secret]
tests/verification/test_integration_real.py::test_bad_array_identity_cannot_read_another_member[case8.D_u.snapshot.no.density]
tests/verification/test_integration_real.py::test_bad_array_identity_cannot_read_another_member[case8.D_u.snapshot.6.pressure]
tests/verification/test_integration_real.py::test_exported_openapi_matches_production_catalog
tests/verification/test_integration_real.py::test_alignment_uses_real_recorded_times
tests/verification/test_phase12_integration.py::test_delivered_workspaces_share_registry_and_real_evidence[gate-3]
tests/verification/test_phase12_integration.py::test_delivered_workspaces_share_registry_and_real_evidence[spectrum-4]
tests/verification/test_phase12_integration.py::test_delivered_workspaces_share_registry_and_real_evidence[modal-validation-24]
tests/verification/test_phase12_integration.py::test_canonical_verification_preserves_basis_and_roundtrip[FROZEN_VERIFIED-FROZEN_ACCEPTED]
tests/verification/test_phase12_integration.py::test_canonical_verification_preserves_basis_and_roundtrip[VERIFIED_NOT_FROZEN-VERIFIED_NOT_FROZEN]
tests/verification/test_phase12_integration.py::test_canonical_verification_preserves_basis_and_roundtrip[DERIVED_VERIFIED-VERIFIED]
tests/verification/test_phase12_integration.py::test_canonical_verification_preserves_basis_and_roundtrip[AVAILABLE_UNVERIFIED-UNKNOWN]
tests/verification/test_phase12_integration.py::test_canonical_verification_preserves_basis_and_roundtrip[PARTIAL-PARTIAL]
tests/verification/test_phase12_integration.py::test_canonical_verification_preserves_basis_and_roundtrip[MISSING-MISSING]
tests/verification/test_phase12_integration.py::test_canonical_verification_preserves_basis_and_roundtrip[LEGACY-HISTORY]
tests/verification/test_phase12_integration.py::test_canonical_verification_preserves_basis_and_roundtrip[SUPERSEDED-SUPERSEDED]
tests/verification/test_phase12_integration.py::test_canonical_verification_preserves_basis_and_roundtrip[NOT_APPLICABLE-UNKNOWN]
tests/verification/test_phase12_integration.py::test_canonical_mapping_preserves_strict_json_datetime_semantics
tests/verification/test_provenance.py::test_scientific_result_carries_full_provenance_identity
tests/verification/test_provenance.py::test_scientific_result_requires_source_asset_identity
tests/verification/test_provenance.py::test_source_asset_hash_fields_are_separate_and_not_interchangeable
tests/verification/test_provenance.py::test_array_descriptor_rejects_hidden_absolute_member_path
tests/verification/test_provenance.py::test_scientific_result_does_not_serialize_absolute_path_in_public_fields
tests/verification/test_provenance.py::test_contract_snapshot_payload_exposes_no_absolute_path
tests/verification/test_provenance.py::test_contract_evidence_payload_carries_hashes_and_relative_origin
tests/verification/test_semantics.py::test_missing_is_not_zero_and_cannot_carry_a_value
tests/verification/test_semantics.py::test_unknown_is_not_missing_and_reasons_are_not_interchangeable
tests/verification/test_semantics.py::test_a_missing_fact_never_validates_as_a_zero_valued_known_fact
tests/verification/test_semantics.py::test_verified_not_frozen_is_not_the_same_status_as_frozen_verified
tests/verification/test_semantics.py::test_verified_statuses_require_an_explicit_basis
tests/verification/test_semantics.py::test_snapshot_timeline_and_scalar_timeline_are_not_the_same_axis
tests/verification/test_semantics.py::test_cumulative_and_step_increment_are_distinct_accumulation_tokens
tests/verification/test_semantics.py::test_E_at_and_Pi_at_are_different_recorded_quantities
tests/verification/test_semantics.py::test_delivery_status_tokens_are_not_scientific_availability_tokens
tests/verification/test_semantics.py::test_canonical_models_forbid_unknown_fields
tests/verification/test_semantics.py::test_contract_keeps_cumulative_and_increment_in_separate_series
tests/verification/test_semantics.py::test_contract_reports_absent_metric_as_missing_slot_not_zero
tests/verification/test_spectral_integration.py::test_real_spectrum_all_17_modes_exact_csv_npz_api_and_evidence[spectrum.q-0.000-0.0]
tests/verification/test_spectral_integration.py::test_real_spectrum_all_17_modes_exact_csv_npz_api_and_evidence[spectrum.q-0.132-0.132]
tests/verification/test_spectral_integration.py::test_real_spectrum_all_17_modes_exact_csv_npz_api_and_evidence[spectrum.q-0.264-0.264]
tests/verification/test_spectral_integration.py::test_real_spectrum_all_17_modes_exact_csv_npz_api_and_evidence[spectrum.q-0.396-0.396]
tests/verification/test_spectral_integration.py::test_real_eigenmode_every_block_complex_array_and_evidence[spectrum.q-0.000]
tests/verification/test_spectral_integration.py::test_real_eigenmode_every_block_complex_array_and_evidence[spectrum.q-0.132]
tests/verification/test_spectral_integration.py::test_real_eigenmode_every_block_complex_array_and_evidence[spectrum.q-0.264]
tests/verification/test_spectral_integration.py::test_real_eigenmode_every_block_complex_array_and_evidence[spectrum.q-0.396]
tests/verification/test_spectral_integration.py::test_real_all_24_validation_runs_preserve_rates_branch_and_missing_history[modal-validation.m01_q0p000_eps1e-04]
tests/verification/test_spectral_integration.py::test_real_all_24_validation_runs_preserve_rates_branch_and_missing_history[modal-validation.m01_q0p000_eps1e-05]
tests/verification/test_spectral_integration.py::test_real_all_24_validation_runs_preserve_rates_branch_and_missing_history[modal-validation.m01_q0p000_eps1e-06]
tests/verification/test_spectral_integration.py::test_real_all_24_validation_runs_preserve_rates_branch_and_missing_history[modal-validation.m01_q0p396_eps1e-04]
tests/verification/test_spectral_integration.py::test_real_all_24_validation_runs_preserve_rates_branch_and_missing_history[modal-validation.m01_q0p396_eps1e-05]
tests/verification/test_spectral_integration.py::test_real_all_24_validation_runs_preserve_rates_branch_and_missing_history[modal-validation.m01_q0p396_eps1e-06]
tests/verification/test_spectral_integration.py::test_real_all_24_validation_runs_preserve_rates_branch_and_missing_history[modal-validation.m04_q0p000_eps1e-04]
tests/verification/test_spectral_integration.py::test_real_all_24_validation_runs_preserve_rates_branch_and_missing_history[modal-validation.m04_q0p000_eps1e-05]
tests/verification/test_spectral_integration.py::test_real_all_24_validation_runs_preserve_rates_branch_and_missing_history[modal-validation.m04_q0p000_eps1e-06]
tests/verification/test_spectral_integration.py::test_real_all_24_validation_runs_preserve_rates_branch_and_missing_history[modal-validation.m04_q0p396_eps1e-04]
tests/verification/test_spectral_integration.py::test_real_all_24_validation_runs_preserve_rates_branch_and_missing_history[modal-validation.m04_q0p396_eps1e-05]
tests/verification/test_spectral_integration.py::test_real_all_24_validation_runs_preserve_rates_branch_and_missing_history[modal-validation.m04_q0p396_eps1e-06]
tests/verification/test_spectral_integration.py::test_real_all_24_validation_runs_preserve_rates_branch_and_missing_history[modal-validation.m08_q0p000_eps1e-04]
tests/verification/test_spectral_integration.py::test_real_all_24_validation_runs_preserve_rates_branch_and_missing_history[modal-validation.m08_q0p000_eps1e-05]
tests/verification/test_spectral_integration.py::test_real_all_24_validation_runs_preserve_rates_branch_and_missing_history[modal-validation.m08_q0p000_eps1e-06]
tests/verification/test_spectral_integration.py::test_real_all_24_validation_runs_preserve_rates_branch_and_missing_history[modal-validation.m08_q0p396_eps1e-04]
tests/verification/test_spectral_integration.py::test_real_all_24_validation_runs_preserve_rates_branch_and_missing_history[modal-validation.m08_q0p396_eps1e-05]
tests/verification/test_spectral_integration.py::test_real_all_24_validation_runs_preserve_rates_branch_and_missing_history[modal-validation.m08_q0p396_eps1e-06]
tests/verification/test_spectral_integration.py::test_real_all_24_validation_runs_preserve_rates_branch_and_missing_history[modal-validation.m12_q0p000_eps1e-04]
tests/verification/test_spectral_integration.py::test_real_all_24_validation_runs_preserve_rates_branch_and_missing_history[modal-validation.m12_q0p000_eps1e-05]
tests/verification/test_spectral_integration.py::test_real_all_24_validation_runs_preserve_rates_branch_and_missing_history[modal-validation.m12_q0p000_eps1e-06]
tests/verification/test_spectral_integration.py::test_real_all_24_validation_runs_preserve_rates_branch_and_missing_history[modal-validation.m12_q0p396_eps1e-04]
tests/verification/test_spectral_integration.py::test_real_all_24_validation_runs_preserve_rates_branch_and_missing_history[modal-validation.m12_q0p396_eps1e-05]
tests/verification/test_spectral_integration.py::test_real_all_24_validation_runs_preserve_rates_branch_and_missing_history[modal-validation.m12_q0p396_eps1e-06]
tests/verification/test_spectral_integration.py::test_missing_saved_vectors_and_arrays_never_return_values
tests/verification/test_spectral_integration.py::test_positive_entropy_does_not_imply_uniform_modal_damping
tests/window0_phase10_foundation/test_content_foundation.py::test_exact_frozen_dtos_and_origin
tests/window0_phase10_foundation/test_content_foundation.py::test_mechanism_cannot_be_promoted_to_numerical[FROZEN_PRODUCTION]
tests/window0_phase10_foundation/test_content_foundation.py::test_mechanism_cannot_be_promoted_to_numerical[VERIFIED_PRODUCTION]
tests/window0_phase10_foundation/test_content_foundation.py::test_mechanism_cannot_be_promoted_to_numerical[DIAGNOSTIC_RERUN]
tests/window0_phase10_foundation/test_content_foundation.py::test_mechanism_cannot_be_promoted_to_numerical[MOCK]
tests/window0_phase10_foundation/test_content_foundation.py::test_graph_separates_trigger_output_and_receiving_content
tests/window0_phase10_foundation/test_content_foundation.py::test_tangential_input_to_gate_is_rejected
tests/window0_phase10_foundation/test_content_foundation.py::test_qualitative_state_combinations[STRICT_1D-OFF-VANISHES-VANISHES]
tests/window0_phase10_foundation/test_content_foundation.py::test_qualitative_state_combinations[STRICT_1D-ENABLED-VANISHES-VANISHES]
tests/window0_phase10_foundation/test_content_foundation.py::test_qualitative_state_combinations[WEAKLY_2D-OFF-MAY_BE_NONZERO-VANISHES]
tests/window0_phase10_foundation/test_content_foundation.py::test_qualitative_state_combinations[WEAKLY_2D-ENABLED-MAY_BE_NONZERO-CONDITIONALLY_ACTIVE]
tests/window0_phase10_foundation/test_content_foundation.py::test_strict_1d_receiving_content_and_weak_2d_conditional_amplitude
tests/window0_phase10_foundation/test_content_foundation.py::test_unsupported_schematic_states_rejected[NEAR1D-ENABLED]
tests/window0_phase10_foundation/test_content_foundation.py::test_unsupported_schematic_states_rejected[STRICT_1D-0.396]
tests/window0_phase10_foundation/test_content_foundation.py::test_unsupported_schematic_states_rejected[WEAKLY_2D-ON]
tests/window0_phase10_foundation/test_content_foundation.py::test_near1d_gap_is_theory_only_without_fig13_substitution
tests/window0_phase10_foundation/test_content_foundation.py::test_exact_seven_titles_views_and_ids
tests/window0_phase10_foundation/test_content_foundation.py::test_scene_identity_or_view_drift_rejected[delete]
tests/window0_phase10_foundation/test_content_foundation.py::test_scene_identity_or_view_drift_rejected[duplicate]
tests/window0_phase10_foundation/test_content_foundation.py::test_scene_identity_or_view_drift_rejected[eighth]
tests/window0_phase10_foundation/test_content_foundation.py::test_scene_identity_or_view_drift_rejected[reverse]
tests/window0_phase10_foundation/test_content_foundation.py::test_scene_identity_or_view_drift_rejected[wrong-view]
tests/window0_phase10_foundation/test_content_foundation.py::test_lookup_never_aliases_invalid_ids[0]
tests/window0_phase10_foundation/test_content_foundation.py::test_lookup_never_aliases_invalid_ids[8]
tests/window0_phase10_foundation/test_content_foundation.py::test_lookup_never_aliases_invalid_ids[-1]
tests/window0_phase10_foundation/test_content_foundation.py::test_lookup_never_aliases_invalid_ids[1]
tests/window0_phase10_foundation/test_content_foundation.py::test_lookup_never_aliases_invalid_ids[True]
tests/window0_phase10_foundation/test_content_foundation.py::test_scene_cannot_store_numerical_payload[case8_arrays]
tests/window0_phase10_foundation/test_content_foundation.py::test_scene_cannot_store_numerical_payload[gate_maps]
tests/window0_phase10_foundation/test_content_foundation.py::test_scene_cannot_store_numerical_payload[spectrum_arrays]
tests/window0_phase10_foundation/test_content_foundation.py::test_scene_cannot_store_numerical_payload[cylinder_arrays]
tests/window0_phase10_foundation/test_content_foundation.py::test_scene_cannot_store_numerical_payload[crossflow_metrics]
tests/window0_phase10_foundation/test_content_foundation.py::test_scene_cannot_store_numerical_payload[epsilon_scan]
tests/window0_phase10_foundation/test_content_foundation.py::test_numeric_leaves_absent_except_scene_identity
tests/window0_phase10_foundation/test_content_foundation.py::test_unsupported_controls_rejected[3-epsilon-1e-5]
tests/window0_phase10_foundation/test_content_foundation.py::test_unsupported_controls_rejected[4-time-0.04]
tests/window0_phase10_foundation/test_content_foundation.py::test_unsupported_controls_rejected[4-q_at-0.2]
tests/window0_phase10_foundation/test_content_foundation.py::test_unsupported_controls_rejected[5-q_at-0.2]
tests/window0_phase10_foundation/test_content_foundation.py::test_unsupported_controls_rejected[6-winner-Case8]
tests/window0_phase10_foundation/test_content_foundation.py::test_unregistered_or_mismatched_targets_fail_closed[near-1d-epsilon-1e-5-near-1d.scan]
tests/window0_phase10_foundation/test_content_foundation.py::test_unregistered_or_mismatched_targets_fail_closed[entropy-closure-D_u-closure.D_u]
tests/window0_phase10_foundation/test_content_foundation.py::test_unregistered_or_mismatched_targets_fail_closed[case8-D_u-case8.B_u.E_at_cumulative]
tests/window0_phase10_foundation/test_content_foundation.py::test_unregistered_or_mismatched_targets_fail_closed[case8-B_u-case8.B_u.allocation]
tests/window0_phase10_foundation/test_content_foundation.py::test_unregistered_or_mismatched_targets_fail_closed[gate-Acoustic-gate.Pressure.allocation]
tests/window0_phase10_foundation/test_content_foundation.py::test_unregistered_or_mismatched_targets_fail_closed[spectrum-spectrum.q-0.200-spectrum.q-0.200]
tests/window0_phase10_foundation/test_content_foundation.py::test_unregistered_or_mismatched_targets_fail_closed[cylinder-C_u-cylinder.C_u.sectors]
tests/window0_phase10_foundation/test_content_foundation.py::test_unregistered_or_mismatched_targets_fail_closed[cylinder-D_u-cylinder.D_u.cumulative2d]
tests/window0_phase10_foundation/test_content_foundation.py::test_registered_but_wrong_story_configuration_rejected
tests/window0_phase10_foundation/test_content_foundation.py::test_complete_spectrum_selector_and_crossflow_boundaries
tests/window0_phase10_foundation/test_content_foundation.py::test_independent_loads_preserve_frozen_registry
tests/window0_phase10_foundation/test_content_foundation.py::test_frozen_bytes_and_tampering_rejected
tests/window0_phase10_foundation/test_content_foundation.py::test_all_references_match_actual_phase8_catalog
tests/window0_phase10_foundation/test_content_foundation.py::test_every_real_target_and_evidence_loads_from_existing_api
tests/window0_phase10_foundation/test_content_foundation.py::test_real_spectrum_includes_all_modes[spectrum.q-0.000]
tests/window0_phase10_foundation/test_content_foundation.py::test_real_spectrum_includes_all_modes[spectrum.q-0.396]
tests/window0_phase10_foundation/test_content_foundation.py::test_real_cmp01_retains_descriptive_rules_and_missing_slot
tests/window0_phase10_foundation/test_content_foundation.py::test_s7_real_evidence_has_required_metadata
tests/window0_phase10_foundation/test_content_foundation.py::test_unknown_evidence_fails_closed
tests/window0_phase8_bootstrap/test_cylinder_source_audit.py::test_only_three_canonical_configurations[A_u]
tests/window0_phase8_bootstrap/test_cylinder_source_audit.py::test_only_three_canonical_configurations[B_u]
tests/window0_phase8_bootstrap/test_cylinder_source_audit.py::test_only_three_canonical_configurations[D_u]
tests/window0_phase8_bootstrap/test_cylinder_source_audit.py::test_cylinder_c_is_rejected_with_frozen_422_semantics
tests/window0_phase8_bootstrap/test_cylinder_source_audit.py::test_five_snapshot_identities_real_time_fields_and_geometry[1-0-A_u]
tests/window0_phase8_bootstrap/test_cylinder_source_audit.py::test_five_snapshot_identities_real_time_fields_and_geometry[1-0-B_u]
tests/window0_phase8_bootstrap/test_cylinder_source_audit.py::test_five_snapshot_identities_real_time_fields_and_geometry[1-0-D_u]
tests/window0_phase8_bootstrap/test_cylinder_source_audit.py::test_five_snapshot_identities_real_time_fields_and_geometry[2-2439-A_u]
tests/window0_phase8_bootstrap/test_cylinder_source_audit.py::test_five_snapshot_identities_real_time_fields_and_geometry[2-2439-B_u]
tests/window0_phase8_bootstrap/test_cylinder_source_audit.py::test_five_snapshot_identities_real_time_fields_and_geometry[2-2439-D_u]
tests/window0_phase8_bootstrap/test_cylinder_source_audit.py::test_five_snapshot_identities_real_time_fields_and_geometry[3-4878-A_u]
tests/window0_phase8_bootstrap/test_cylinder_source_audit.py::test_five_snapshot_identities_real_time_fields_and_geometry[3-4878-B_u]
tests/window0_phase8_bootstrap/test_cylinder_source_audit.py::test_five_snapshot_identities_real_time_fields_and_geometry[3-4878-D_u]
tests/window0_phase8_bootstrap/test_cylinder_source_audit.py::test_five_snapshot_identities_real_time_fields_and_geometry[4-7318-A_u]
tests/window0_phase8_bootstrap/test_cylinder_source_audit.py::test_five_snapshot_identities_real_time_fields_and_geometry[4-7318-B_u]
tests/window0_phase8_bootstrap/test_cylinder_source_audit.py::test_five_snapshot_identities_real_time_fields_and_geometry[4-7318-D_u]
tests/window0_phase8_bootstrap/test_cylinder_source_audit.py::test_five_snapshot_identities_real_time_fields_and_geometry[5-9757-A_u]
tests/window0_phase8_bootstrap/test_cylinder_source_audit.py::test_five_snapshot_identities_real_time_fields_and_geometry[5-9757-B_u]
tests/window0_phase8_bootstrap/test_cylinder_source_audit.py::test_five_snapshot_identities_real_time_fields_and_geometry[5-9757-D_u]
tests/window0_phase8_bootstrap/test_cylinder_source_audit.py::test_all_9757_history_rows_numbering_increment_cumulative_and_units[A_u]
tests/window0_phase8_bootstrap/test_cylinder_source_audit.py::test_all_9757_history_rows_numbering_increment_cumulative_and_units[B_u]
tests/window0_phase8_bootstrap/test_cylinder_source_audit.py::test_all_9757_history_rows_numbering_increment_cumulative_and_units[D_u]
tests/window0_phase8_bootstrap/test_cylinder_source_audit.py::test_sector_arrays_edges_additivity_and_fraction_zero_denominators[A_u]
tests/window0_phase8_bootstrap/test_cylinder_source_audit.py::test_sector_arrays_edges_additivity_and_fraction_zero_denominators[B_u]
tests/window0_phase8_bootstrap/test_cylinder_source_audit.py::test_sector_arrays_edges_additivity_and_fraction_zero_denominators[D_u]
tests/window0_phase8_bootstrap/test_cylinder_source_audit.py::test_front_band_fixed_authoritative_mask_and_cumulative_semantics[A_u]
tests/window0_phase8_bootstrap/test_cylinder_source_audit.py::test_front_band_fixed_authoritative_mask_and_cumulative_semantics[B_u]
tests/window0_phase8_bootstrap/test_cylinder_source_audit.py::test_front_band_fixed_authoritative_mask_and_cumulative_semantics[D_u]
tests/window0_phase8_bootstrap/test_cylinder_source_audit.py::test_missing_2d_evidence_limitation_and_typed_slot_without_value
tests/window0_phase8_bootstrap/test_cylinder_source_audit.py::test_existing_off_contract_rerun_is_disclosed_and_not_registered
tests/window0_phase8_bootstrap/test_cylinder_source_audit.py::test_cross_flow_frozen_descriptive_policy
tests/window0_phase8_bootstrap/test_cylinder_source_audit.py::test_frozen_documents_and_shared_git_base
tests/window0_phase8_bootstrap/test_cylinder_source_audit.py::test_all_audited_source_hashes_and_preservation
tests/window0_phase8_bootstrap/test_cylinder_source_audit.py::test_reproduce_audit_with_scientific_write_guard
tests/window0_phase8_bootstrap/test_cylinder_source_audit.py::test_closure_integration_does_not_authorize_other_frozen_changes
tests/window0_spectral_foundation/test_protocol_and_freeze.py::test_phase4_contract_hashes_and_phase5_phase6_freeze
tests/window0_spectral_foundation/test_protocol_and_freeze.py::test_protocol_five_operations_and_revision_pinning
tests/window0_spectral_foundation/test_protocol_and_freeze.py::test_internal_models_not_in_public_schema_catalog
tests/window0_spectral_foundation/test_protocol_and_freeze.py::test_missing_slot_cannot_contain_numeric_value
tests/window0_spectral_foundation/test_protocol_and_freeze.py::test_complete_curve
tests/window0_spectral_foundation/test_protocol_and_freeze.py::test_curve_rejects_partial_or_mixed_science[missing_mode]
tests/window0_spectral_foundation/test_protocol_and_freeze.py::test_curve_rejects_partial_or_mixed_science[duplicate_mode]
tests/window0_spectral_foundation/test_protocol_and_freeze.py::test_curve_rejects_partial_or_mixed_science[base]
tests/window0_spectral_foundation/test_protocol_and_freeze.py::test_curve_rejects_partial_or_mixed_science[q]
tests/window0_spectral_foundation/test_protocol_and_freeze.py::test_curve_rejects_partial_or_mixed_science[dataset]
tests/window0_spectral_foundation/test_protocol_and_freeze.py::test_curve_rejects_partial_or_mixed_science[revision]
tests/window0_spectral_foundation/test_protocol_and_freeze.py::test_exact_24_validation_combinations[0.0001-0.0-1]
tests/window0_spectral_foundation/test_protocol_and_freeze.py::test_exact_24_validation_combinations[0.0001-0.0-4]
tests/window0_spectral_foundation/test_protocol_and_freeze.py::test_exact_24_validation_combinations[0.0001-0.0-8]
tests/window0_spectral_foundation/test_protocol_and_freeze.py::test_exact_24_validation_combinations[0.0001-0.0-12]
tests/window0_spectral_foundation/test_protocol_and_freeze.py::test_exact_24_validation_combinations[0.0001-0.396-1]
tests/window0_spectral_foundation/test_protocol_and_freeze.py::test_exact_24_validation_combinations[0.0001-0.396-4]
tests/window0_spectral_foundation/test_protocol_and_freeze.py::test_exact_24_validation_combinations[0.0001-0.396-8]
tests/window0_spectral_foundation/test_protocol_and_freeze.py::test_exact_24_validation_combinations[0.0001-0.396-12]
tests/window0_spectral_foundation/test_protocol_and_freeze.py::test_exact_24_validation_combinations[1e-05-0.0-1]
tests/window0_spectral_foundation/test_protocol_and_freeze.py::test_exact_24_validation_combinations[1e-05-0.0-4]
tests/window0_spectral_foundation/test_protocol_and_freeze.py::test_exact_24_validation_combinations[1e-05-0.0-8]
tests/window0_spectral_foundation/test_protocol_and_freeze.py::test_exact_24_validation_combinations[1e-05-0.0-12]
tests/window0_spectral_foundation/test_protocol_and_freeze.py::test_exact_24_validation_combinations[1e-05-0.396-1]
tests/window0_spectral_foundation/test_protocol_and_freeze.py::test_exact_24_validation_combinations[1e-05-0.396-4]
tests/window0_spectral_foundation/test_protocol_and_freeze.py::test_exact_24_validation_combinations[1e-05-0.396-8]
tests/window0_spectral_foundation/test_protocol_and_freeze.py::test_exact_24_validation_combinations[1e-05-0.396-12]
tests/window0_spectral_foundation/test_protocol_and_freeze.py::test_exact_24_validation_combinations[1e-06-0.0-1]
tests/window0_spectral_foundation/test_protocol_and_freeze.py::test_exact_24_validation_combinations[1e-06-0.0-4]
tests/window0_spectral_foundation/test_protocol_and_freeze.py::test_exact_24_validation_combinations[1e-06-0.0-8]
tests/window0_spectral_foundation/test_protocol_and_freeze.py::test_exact_24_validation_combinations[1e-06-0.0-12]
tests/window0_spectral_foundation/test_protocol_and_freeze.py::test_exact_24_validation_combinations[1e-06-0.396-1]
tests/window0_spectral_foundation/test_protocol_and_freeze.py::test_exact_24_validation_combinations[1e-06-0.396-4]
tests/window0_spectral_foundation/test_protocol_and_freeze.py::test_exact_24_validation_combinations[1e-06-0.396-8]
tests/window0_spectral_foundation/test_protocol_and_freeze.py::test_exact_24_validation_combinations[1e-06-0.396-12]
tests/window0_spectral_foundation/test_protocol_and_freeze.py::test_saved_left_rank31_is_not_fourier_mode31
tests/window0_spectral_foundation/test_spectral_models.py::test_required_objects_roundtrip[SpectrumDataset-dataset_payload]
tests/window0_spectral_foundation/test_spectral_models.py::test_required_objects_roundtrip[SpectralPoint-point_payload]
tests/window0_spectral_foundation/test_spectral_models.py::test_required_objects_roundtrip[Eigenmode-eigenmode_payload]
tests/window0_spectral_foundation/test_spectral_models.py::test_required_objects_roundtrip[GrowthValidation-growth_payload]
tests/window0_spectral_foundation/test_spectral_models.py::test_all_recorded_q_values[0.0]
tests/window0_spectral_foundation/test_spectral_models.py::test_all_recorded_q_values[0.132]
tests/window0_spectral_foundation/test_spectral_models.py::test_all_recorded_q_values[0.264]
tests/window0_spectral_foundation/test_spectral_models.py::test_all_recorded_q_values[0.396]
tests/window0_spectral_foundation/test_spectral_models.py::test_no_interpolation_extrapolation_or_coercion[-1.0]
tests/window0_spectral_foundation/test_spectral_models.py::test_no_interpolation_extrapolation_or_coercion[0.2]
tests/window0_spectral_foundation/test_spectral_models.py::test_no_interpolation_extrapolation_or_coercion[0.4]
tests/window0_spectral_foundation/test_spectral_models.py::test_no_interpolation_extrapolation_or_coercion[1.0]
tests/window0_spectral_foundation/test_spectral_models.py::test_no_interpolation_extrapolation_or_coercion[0.3960000000000001]
tests/window0_spectral_foundation/test_spectral_models.py::test_no_interpolation_extrapolation_or_coercion[0.396]
tests/window0_spectral_foundation/test_spectral_models.py::test_no_interpolation_extrapolation_or_coercion[True]
tests/window0_spectral_foundation/test_spectral_models.py::test_no_interpolation_extrapolation_or_coercion[nan]
tests/window0_spectral_foundation/test_spectral_models.py::test_no_interpolation_extrapolation_or_coercion[inf]
tests/window0_spectral_foundation/test_spectral_models.py::test_dataset_required_fields[experiment_id]
tests/window0_spectral_foundation/test_spectral_models.py::test_dataset_required_fields[configuration_id]
tests/window0_spectral_foundation/test_spectral_models.py::test_dataset_required_fields[matrix_source]
tests/window0_spectral_foundation/test_spectral_models.py::test_dataset_required_fields[wave_number_range]
tests/window0_spectral_foundation/test_spectral_models.py::test_dataset_required_fields[parameter_value]
tests/window0_spectral_foundation/test_spectral_models.py::test_dataset_required_fields[verification]
tests/window0_spectral_foundation/test_spectral_models.py::test_dataset_required_fields[provenance]
tests/window0_spectral_foundation/test_spectral_models.py::test_dataset_required_fields[evidence]
tests/window0_spectral_foundation/test_spectral_models.py::test_dataset_enum_and_scientific_limits[matrix_source-value0]
tests/window0_spectral_foundation/test_spectral_models.py::test_dataset_enum_and_scientific_limits[matrix_source-value1]
tests/window0_spectral_foundation/test_spectral_models.py::test_dataset_enum_and_scientific_limits[matrix_availability-AVAILABLE]
tests/window0_spectral_foundation/test_spectral_models.py::test_dataset_enum_and_scientific_limits[record_count-68]
tests/window0_spectral_foundation/test_spectral_models.py::test_dataset_enum_and_scientific_limits[saved_vectors_per_side-512]
tests/window0_spectral_foundation/test_spectral_models.py::test_dataset_enum_and_scientific_limits[eigenvalues_per_block-32]
tests/window0_spectral_foundation/test_spectral_models.py::test_dataset_enum_and_scientific_limits[record_count-17.0]
tests/window0_spectral_foundation/test_spectral_models.py::test_dataset_enum_and_scientific_limits[scientific_scope-UNIVERSAL_STABILITY]
tests/window0_spectral_foundation/test_spectral_models.py::test_wave_number_not_inferred_from_index
tests/window0_spectral_foundation/test_spectral_models.py::test_complete_recorded_mode_range[indices0]
tests/window0_spectral_foundation/test_spectral_models.py::test_complete_recorded_mode_range[indices1]
tests/window0_spectral_foundation/test_spectral_models.py::test_complete_recorded_mode_range[indices2]
tests/window0_spectral_foundation/test_spectral_models.py::test_complete_recorded_mode_range[indices3]
tests/window0_spectral_foundation/test_spectral_models.py::test_alpha_may_be_negative_zero_or_positive[-0.5]
tests/window0_spectral_foundation/test_spectral_models.py::test_alpha_may_be_negative_zero_or_positive[0.0]
tests/window0_spectral_foundation/test_spectral_models.py::test_alpha_may_be_negative_zero_or_positive[0.25]
tests/window0_spectral_foundation/test_spectral_models.py::test_complex_fact_missing_is_not_zero
tests/window0_spectral_foundation/test_spectral_models.py::test_fourier_point_validation[mode_index-True]
tests/window0_spectral_foundation/test_spectral_models.py::test_fourier_point_validation[mode_index-17]
tests/window0_spectral_foundation/test_spectral_models.py::test_fourier_point_validation[mode_index-8]
tests/window0_spectral_foundation/test_spectral_models.py::test_fourier_point_validation[eigenvalue_rank-1]
tests/window0_spectral_foundation/test_spectral_models.py::test_fourier_point_validation[eigenvalue_rank-False]
tests/window0_spectral_foundation/test_spectral_models.py::test_fourier_point_validation[spectral_abscissa-value5]
tests/window0_spectral_foundation/test_spectral_models.py::test_fourier_point_validation[imag_lambda-value6]
tests/window0_spectral_foundation/test_spectral_models.py::test_fourier_point_validation[spectral_abscissa-None]
tests/window0_spectral_foundation/test_spectral_models.py::test_fourier_point_validation[experiment_id-case8]
tests/window0_spectral_foundation/test_spectral_models.py::test_complex_projection_preserves_source[COMPLEX]
tests/window0_spectral_foundation/test_spectral_models.py::test_complex_projection_preserves_source[REAL]
tests/window0_spectral_foundation/test_spectral_models.py::test_complex_projection_preserves_source[IMAGINARY]
tests/window0_spectral_foundation/test_spectral_models.py::test_complex_projection_preserves_source[AMPLITUDE]
tests/window0_spectral_foundation/test_spectral_models.py::test_eigenmode_enum_and_semantics[representation-SCALAR_HEATMAP]
tests/window0_spectral_foundation/test_spectral_models.py::test_eigenmode_enum_and_semantics[representation-REAL]
tests/window0_spectral_foundation/test_spectral_models.py::test_eigenmode_enum_and_semantics[projection-MAGNITUDE]
tests/window0_spectral_foundation/test_spectral_models.py::test_eigenmode_enum_and_semantics[side-right]
tests/window0_spectral_foundation/test_spectral_models.py::test_eigenmode_enum_and_semantics[rank-32]
tests/window0_spectral_foundation/test_spectral_models.py::test_eigenmode_enum_and_semantics[rank-False]
tests/window0_spectral_foundation/test_spectral_models.py::test_eigenmode_enum_and_semantics[localization_fraction-value6]
tests/window0_spectral_foundation/test_spectral_models.py::test_eigenmode_enum_and_semantics[localization_fraction-value7]
tests/window0_spectral_foundation/test_spectral_models.py::test_eigenmode_enum_and_semantics[field_component-density]
tests/window0_spectral_foundation/test_spectral_models.py::test_complex_vectors_cannot_be_flat_spatial_scalars[float64-shape0-axes0]
tests/window0_spectral_foundation/test_spectral_models.py::test_complex_vectors_cannot_be_flat_spatial_scalars[complex128-shape1-axes1]
tests/window0_spectral_foundation/test_spectral_models.py::test_complex_vectors_cannot_be_flat_spatial_scalars[complex128-shape2-axes2]
tests/window0_spectral_foundation/test_spectral_models.py::test_complex_values_real_imag_roundtrip
tests/window0_spectral_foundation/test_spectral_models.py::test_primitive_amplitude_requires_sourced_component
tests/window0_spectral_foundation/test_spectral_models.py::test_mask_identity_and_fixed_indices[gate]
tests/window0_spectral_foundation/test_spectral_models.py::test_mask_identity_and_fixed_indices[indices]
tests/window0_spectral_foundation/test_spectral_models.py::test_mask_identity_and_fixed_indices[index_base]
tests/window0_spectral_foundation/test_spectral_models.py::test_mask_identity_and_fixed_indices[scope]
tests/window0_spectral_foundation/test_spectral_models.py::test_mask_identity_and_fixed_indices[evidence]
tests/window0_spectral_foundation/test_spectral_models.py::test_growth_missing_prediction_and_zero_cfd
tests/window0_spectral_foundation/test_spectral_models.py::test_validation_restrictions[mode_index-16]
tests/window0_spectral_foundation/test_spectral_models.py::test_validation_restrictions[parameter_value-0.132]
tests/window0_spectral_foundation/test_spectral_models.py::test_validation_restrictions[epsilon-2e-05]
tests/window0_spectral_foundation/test_spectral_models.py::test_validation_restrictions[time-value3]
tests/window0_spectral_foundation/test_spectral_models.py::test_validation_restrictions[time-value4]
tests/window0_spectral_foundation/test_spectral_models.py::test_validation_restrictions[step_indices-value5]
tests/window0_spectral_foundation/test_spectral_models.py::test_validation_restrictions[linear_amplitude-value6]
tests/window0_spectral_foundation/test_spectral_models.py::test_validation_restrictions[cfd_amplitude-value7]
tests/window0_spectral_foundation/test_spectral_models.py::test_validation_restrictions[fit_start-False]
tests/window0_spectral_foundation/test_spectral_models.py::test_validation_restrictions[fit_end-31]
tests/window0_spectral_foundation/test_spectral_models.py::test_validation_restrictions[run_id-wrong.run]
tests/window0_spectral_foundation/test_spectral_models.py::test_frozen_growth_error_semantics[relative_discrepancy-value0]
tests/window0_spectral_foundation/test_spectral_models.py::test_frozen_growth_error_semantics[relative_discrepancy_format-PERCENT]
tests/window0_spectral_foundation/test_spectral_models.py::test_frozen_growth_error_semantics[definition-ABS_CFD_MINUS_LINEAR]
tests/window0_spectral_foundation/test_spectral_models.py::test_frozen_growth_error_semantics[evidence_refs-value3]
tests/window0_spectral_foundation/test_spectral_models.py::test_provenance_required_and_linked[empty_assets]
tests/window0_spectral_foundation/test_spectral_models.py::test_provenance_required_and_linked[wrong_asset]
tests/window0_spectral_foundation/test_spectral_models.py::test_provenance_required_and_linked[no_data]
tests/window0_spectral_foundation/test_spectral_models.py::test_provenance_required_and_linked[unselected]
tests/window0_spectral_foundation/test_spectral_models.py::test_provenance_required_and_linked[drift]
tests/window0_spectral_foundation/test_spectral_models.py::test_provenance_required_and_linked[hash_drift]
tests/window0_spectral_foundation/test_spectral_models.py::test_provenance_required_and_linked[config]
tests/window0_spectral_foundation/test_spectral_models.py::test_provenance_required_and_linked[q]
tests/window0_spectral_foundation/test_spectral_models.py::test_provenance_required_and_linked[verification]
tests/window0_spectral_foundation/test_spectral_models.py::test_provenance_required_and_linked[provenance]
tests/window0_spectral_foundation/test_spectral_models.py::test_provenance_required_and_linked[no_verification_evidence]
tests/window0_spectral_foundation/test_spectral_models.py::test_provenance_required_and_linked[no_method]
tests/window0_spectral_foundation/test_spectral_models.py::test_provenance_required_and_linked[method_refs]
tests/window0_spectral_foundation/test_spectral_models.py::test_provenance_required_and_linked[method_source]
tests/window0_spectral_foundation/test_spectral_models.py::test_provenance_required_and_linked[duplicate_assets]
tests/window0_spectral_foundation/test_spectral_models.py::test_production_data_hash_required_without_inventing_method_hash
tests/window0_spectral_foundation/test_spectral_models.py::test_unverified_data_cannot_be_promoted[AVAILABLE_UNVERIFIED]
tests/window0_spectral_foundation/test_spectral_models.py::test_unverified_data_cannot_be_promoted[LEGACY]
tests/window0_spectral_foundation/test_spectral_models.py::test_unverified_data_cannot_be_promoted[SUPERSEDED]
tests/window0_spectral_foundation/test_spectral_models.py::test_unverified_data_cannot_be_promoted[PARTIAL]
tests/window0_spectral_foundation/test_spectral_models.py::test_extra_claims_and_unknown_fields_rejected
tests/window1_case8_data/test_case8_adapter.py::test_adapter_satisfies_protocol
tests/window1_case8_data/test_case8_adapter.py::test_config_count
tests/window1_case8_data/test_case8_adapter.py::test_snapshot_count_per_config[A_u]
tests/window1_case8_data/test_case8_adapter.py::test_snapshot_count_per_config[B_u]
tests/window1_case8_data/test_case8_adapter.py::test_snapshot_count_per_config[C_u]
tests/window1_case8_data/test_case8_adapter.py::test_snapshot_count_per_config[D_u]
tests/window1_case8_data/test_case8_adapter.py::test_no_snapshot_index_zero[A_u]
tests/window1_case8_data/test_case8_adapter.py::test_no_snapshot_index_zero[B_u]
tests/window1_case8_data/test_case8_adapter.py::test_no_snapshot_index_zero[C_u]
tests/window1_case8_data/test_case8_adapter.py::test_no_snapshot_index_zero[D_u]
tests/window1_case8_data/test_case8_adapter.py::test_first_snapshot_is_initial_state[A_u]
tests/window1_case8_data/test_case8_adapter.py::test_first_snapshot_is_initial_state[B_u]
tests/window1_case8_data/test_case8_adapter.py::test_first_snapshot_is_initial_state[C_u]
tests/window1_case8_data/test_case8_adapter.py::test_first_snapshot_is_initial_state[D_u]
tests/window1_case8_data/test_case8_adapter.py::test_final_snapshot_du_values[A_u]
tests/window1_case8_data/test_case8_adapter.py::test_final_snapshot_du_values[B_u]
tests/window1_case8_data/test_case8_adapter.py::test_final_snapshot_du_values[C_u]
tests/window1_case8_data/test_case8_adapter.py::test_final_snapshot_du_values[D_u]
tests/window1_case8_data/test_case8_adapter.py::test_intermediate_times_come_from_source[A_u]
tests/window1_case8_data/test_case8_adapter.py::test_intermediate_times_come_from_source[B_u]
tests/window1_case8_data/test_case8_adapter.py::test_intermediate_times_come_from_source[C_u]
tests/window1_case8_data/test_case8_adapter.py::test_intermediate_times_come_from_source[D_u]
tests/window1_case8_data/test_case8_adapter.py::test_history_row_count[A_u]
tests/window1_case8_data/test_case8_adapter.py::test_history_row_count[B_u]
tests/window1_case8_data/test_case8_adapter.py::test_history_row_count[C_u]
tests/window1_case8_data/test_case8_adapter.py::test_history_row_count[D_u]
tests/window1_case8_data/test_case8_adapter.py::test_history_step_mapping[A_u]
tests/window1_case8_data/test_case8_adapter.py::test_history_step_mapping[B_u]
tests/window1_case8_data/test_case8_adapter.py::test_history_step_mapping[C_u]
tests/window1_case8_data/test_case8_adapter.py::test_history_step_mapping[D_u]
tests/window1_case8_data/test_case8_adapter.py::test_history_terminal_time[A_u]
tests/window1_case8_data/test_case8_adapter.py::test_history_terminal_time[B_u]
tests/window1_case8_data/test_case8_adapter.py::test_history_terminal_time[C_u]
tests/window1_case8_data/test_case8_adapter.py::test_history_terminal_time[D_u]
tests/window1_case8_data/test_case8_adapter.py::test_aggregation_semantics_distinguished
tests/window1_case8_data/test_case8_adapter.py::test_stored_fields_available[density-shape0]
tests/window1_case8_data/test_case8_adapter.py::test_stored_fields_available[pressure-shape1]
tests/window1_case8_data/test_case8_adapter.py::test_stored_fields_available[front-shape2]
tests/window1_case8_data/test_case8_adapter.py::test_fields_are_real_not_zero_filled
tests/window1_case8_data/test_case8_adapter.py::test_metrics_real
tests/window1_case8_data/test_case8_adapter.py::test_allocation_registry_metadata_only
tests/window1_case8_data/test_case8_adapter.py::test_no_zero_cumulative_map_for_a_b_c
tests/window1_case8_data/test_case8_adapter.py::test_verification_not_promoted
tests/window1_case8_data/test_case8_adapter.py::test_recorded_hash_matches_source
tests/window1_case8_data/test_case8_adapter.py::test_history_hash_matches_source[A_u]
tests/window1_case8_data/test_case8_adapter.py::test_history_hash_matches_source[B_u]
tests/window1_case8_data/test_case8_adapter.py::test_history_hash_matches_source[C_u]
tests/window1_case8_data/test_case8_adapter.py::test_history_hash_matches_source[D_u]
tests/window1_case8_data/test_case8_adapter.py::test_scientific_source_unchanged
tests/window1_case8_data/test_case8_adapter.py::test_provenance_binding
tests/window1_closure_adapter/test_closure_adapter.py::test_exact_five_run_registry
tests/window1_closure_adapter/test_closure_adapter.py::test_recognizable_unsupported_combinations[load_run-B_u-cfl-0.1]
tests/window1_closure_adapter/test_closure_adapter.py::test_recognizable_unsupported_combinations[load_run-D_u-cfl-0.03]
tests/window1_closure_adapter/test_closure_adapter.py::test_recognizable_unsupported_combinations[load_run-B_u-cfl-0.2]
tests/window1_closure_adapter/test_closure_adapter.py::test_recognizable_unsupported_combinations[load_run-D_u-cfl-0.005]
tests/window1_closure_adapter/test_closure_adapter.py::test_recognizable_unsupported_combinations[load_run-D_u-cfl-0.10]
tests/window1_closure_adapter/test_closure_adapter.py::test_recognizable_unsupported_combinations[load_run-D_u-cfl-1e-2]
tests/window1_closure_adapter/test_closure_adapter.py::test_recognizable_unsupported_combinations[load_stage_history-B_u-cfl-0.1]
tests/window1_closure_adapter/test_closure_adapter.py::test_recognizable_unsupported_combinations[load_stage_history-D_u-cfl-0.03]
tests/window1_closure_adapter/test_closure_adapter.py::test_recognizable_unsupported_combinations[load_stage_history-B_u-cfl-0.2]
tests/window1_closure_adapter/test_closure_adapter.py::test_recognizable_unsupported_combinations[load_stage_history-D_u-cfl-0.005]
tests/window1_closure_adapter/test_closure_adapter.py::test_recognizable_unsupported_combinations[load_stage_history-D_u-cfl-0.10]
tests/window1_closure_adapter/test_closure_adapter.py::test_recognizable_unsupported_combinations[load_stage_history-D_u-cfl-1e-2]
tests/window1_closure_adapter/test_closure_adapter.py::test_recognizable_unsupported_combinations[load_step_history-B_u-cfl-0.1]
tests/window1_closure_adapter/test_closure_adapter.py::test_recognizable_unsupported_combinations[load_step_history-D_u-cfl-0.03]
tests/window1_closure_adapter/test_closure_adapter.py::test_recognizable_unsupported_combinations[load_step_history-B_u-cfl-0.2]
tests/window1_closure_adapter/test_closure_adapter.py::test_recognizable_unsupported_combinations[load_step_history-D_u-cfl-0.005]
tests/window1_closure_adapter/test_closure_adapter.py::test_recognizable_unsupported_combinations[load_step_history-D_u-cfl-0.10]
tests/window1_closure_adapter/test_closure_adapter.py::test_recognizable_unsupported_combinations[load_step_history-D_u-cfl-1e-2]
tests/window1_closure_adapter/test_closure_adapter.py::test_random_run_ids[random-result]
tests/window1_closure_adapter/test_closure_adapter.py::test_random_run_ids[Du_cfl_02]
tests/window1_closure_adapter/test_closure_adapter.py::test_random_run_ids[../outputs/Du_cfl_02]
tests/window1_closure_adapter/test_closure_adapter.py::test_random_run_ids[D_u-cfl-nonsense]
tests/window1_closure_adapter/test_closure_adapter.py::test_random_run_ids[C_u-cfl-0.05]
tests/window1_closure_adapter/test_closure_adapter.py::test_random_run_ids[]
tests/window1_closure_adapter/test_closure_adapter.py::test_all_rows_audited_and_history_semantics[D_u-cfl-0.2]
tests/window1_closure_adapter/test_closure_adapter.py::test_all_rows_audited_and_history_semantics[D_u-cfl-0.1]
tests/window1_closure_adapter/test_closure_adapter.py::test_all_rows_audited_and_history_semantics[D_u-cfl-0.05]
tests/window1_closure_adapter/test_closure_adapter.py::test_all_rows_audited_and_history_semantics[D_u-cfl-0.025]
tests/window1_closure_adapter/test_closure_adapter.py::test_all_rows_audited_and_history_semantics[B_u-cfl-0.05]
tests/window1_closure_adapter/test_closure_adapter.py::test_complete_canonical_stage_and_step_values
tests/window1_closure_adapter/test_closure_adapter.py::test_bu_all_recorded_zero_channels
tests/window1_closure_adapter/test_closure_adapter.py::test_refinement_is_existing_frozen_diagnostic
tests/window1_closure_adapter/test_closure_adapter.py::test_all_evidence_binding[run-D_u-cfl-0.2]
tests/window1_closure_adapter/test_closure_adapter.py::test_all_evidence_binding[run-D_u-cfl-0.1]
tests/window1_closure_adapter/test_closure_adapter.py::test_all_evidence_binding[run-D_u-cfl-0.05]
tests/window1_closure_adapter/test_closure_adapter.py::test_all_evidence_binding[run-D_u-cfl-0.025]
tests/window1_closure_adapter/test_closure_adapter.py::test_all_evidence_binding[run-B_u-cfl-0.05]
tests/window1_closure_adapter/test_closure_adapter.py::test_all_evidence_binding[stage-D_u-cfl-0.2]
tests/window1_closure_adapter/test_closure_adapter.py::test_all_evidence_binding[stage-D_u-cfl-0.1]
tests/window1_closure_adapter/test_closure_adapter.py::test_all_evidence_binding[stage-D_u-cfl-0.05]
tests/window1_closure_adapter/test_closure_adapter.py::test_all_evidence_binding[stage-D_u-cfl-0.025]
tests/window1_closure_adapter/test_closure_adapter.py::test_all_evidence_binding[stage-B_u-cfl-0.05]
tests/window1_closure_adapter/test_closure_adapter.py::test_all_evidence_binding[step-D_u-cfl-0.2]
tests/window1_closure_adapter/test_closure_adapter.py::test_all_evidence_binding[step-D_u-cfl-0.1]
tests/window1_closure_adapter/test_closure_adapter.py::test_all_evidence_binding[step-D_u-cfl-0.05]
tests/window1_closure_adapter/test_closure_adapter.py::test_all_evidence_binding[step-D_u-cfl-0.025]
tests/window1_closure_adapter/test_closure_adapter.py::test_all_evidence_binding[step-B_u-cfl-0.05]
tests/window1_closure_adapter/test_closure_adapter.py::test_refinement_evidence_and_provenance
tests/window1_closure_adapter/test_closure_adapter.py::test_cold_provenance_and_unknown_evidence
tests/window1_closure_adapter/test_closure_adapter.py::test_invalid_pagination[kwargs0]
tests/window1_closure_adapter/test_closure_adapter.py::test_invalid_pagination[kwargs1]
tests/window1_closure_adapter/test_closure_adapter.py::test_invalid_pagination[kwargs2]
tests/window1_closure_adapter/test_closure_adapter.py::test_invalid_pagination[kwargs3]
tests/window1_closure_adapter/test_closure_adapter.py::test_no_unrecorded_or_wrong_granularity_series[series0]
tests/window1_closure_adapter/test_closure_adapter.py::test_no_unrecorded_or_wrong_granularity_series[series1]
tests/window1_closure_adapter/test_closure_adapter.py::test_no_unrecorded_or_wrong_granularity_series[series2]
tests/window1_closure_adapter/test_closure_adapter.py::test_no_unrecorded_or_wrong_granularity_series[series3]
tests/window1_closure_adapter/test_closure_adapter.py::test_missing_column_never_becomes_zero
tests/window1_closure_adapter/test_closure_adapter.py::test_missing_source_even_after_cache
tests/window1_closure_adapter/test_closure_adapter.py::test_raw_data_drift_even_after_cache
tests/window1_closure_adapter/test_closure_adapter.py::test_source_code_drift_is_separate_from_frozen_data
tests/window1_closure_adapter/test_closure_adapter.py::test_adapter_protocol_and_service_validation
tests/window1_closure_adapter/test_closure_adapter.py::test_scientific_invariant_audit_rejects_corrupt_rows[R_SD-stage]
tests/window1_closure_adapter/test_closure_adapter.py::test_scientific_invariant_audit_rejects_corrupt_rows[R_decomp-stage]
tests/window1_closure_adapter/test_closure_adapter.py::test_scientific_invariant_audit_rejects_corrupt_rows[eps_SD-stage]
tests/window1_closure_adapter/test_closure_adapter.py::test_scientific_invariant_audit_rejects_corrupt_rows[D_at-stage]
tests/window1_closure_adapter/test_closure_adapter.py::test_scientific_invariant_audit_rejects_corrupt_rows[t_stage_or_step_time-stage]
tests/window1_closure_adapter/test_closure_adapter.py::test_scientific_invariant_audit_rejects_corrupt_rows[R_time_step-step]
tests/window1_closure_adapter/test_closure_adapter.py::test_scientific_invariant_audit_rejects_corrupt_rows[R_time_cumulative-step]
tests/window1_closure_adapter/test_closure_adapter.py::test_scientific_invariant_audit_rejects_corrupt_rows[E_obs_step-step]
tests/window1_closure_adapter/test_closure_adapter.py::test_scientific_invariant_audit_rejects_corrupt_rows[E_total_independent_step-step]
tests/window1_closure_adapter/test_closure_adapter.py::test_scientific_invariant_audit_rejects_corrupt_rows[D_bg_stage2-step]
tests/window1_closure_adapter/test_closure_adapter.py::test_frozen_contracts_and_sources_preserved
tests/window1_closure_adapter/test_closure_adapter.py::test_phase1_asset_identity_preserved
tests/window1_closure_adapter/test_closure_adapter.py::test_canonical_entities_forbid_extra_fields
tests/window1_content_api/test_content_api.py::test_content01_exact_seven_scenes
tests/window1_content_api/test_content_api.py::test_content02_complete_scene[1]
tests/window1_content_api/test_content_api.py::test_content02_complete_scene[2]
tests/window1_content_api/test_content_api.py::test_content02_complete_scene[3]
tests/window1_content_api/test_content_api.py::test_content02_complete_scene[4]
tests/window1_content_api/test_content_api.py::test_content02_complete_scene[5]
tests/window1_content_api/test_content_api.py::test_content02_complete_scene[6]
tests/window1_content_api/test_content_api.py::test_content02_complete_scene[7]
tests/window1_content_api/test_content_api.py::test_invalid_scene_identity_is_typed[0]
tests/window1_content_api/test_content_api.py::test_invalid_scene_identity_is_typed[8]
tests/window1_content_api/test_content_api.py::test_invalid_scene_identity_is_typed[-1]
tests/window1_content_api/test_content_api.py::test_invalid_scene_identity_is_typed[1.0]
tests/window1_content_api/test_content_api.py::test_invalid_scene_identity_is_typed[abc]
tests/window1_content_api/test_content_api.py::test_invalid_scene_identity_is_typed[01]
tests/window1_content_api/test_content_api.py::test_invalid_scene_identity_is_typed[+1]
tests/window1_content_api/test_content_api.py::test_invalid_scene_identity_is_typed[1e0]
tests/window1_content_api/test_content_api.py::test_unsupported_inputs_rejected[epsilon=1e-5-/api/v1/explore/scenes]
tests/window1_content_api/test_content_api.py::test_unsupported_inputs_rejected[epsilon=1e-5-/api/v1/explore/scenes/3]
tests/window1_content_api/test_content_api.py::test_unsupported_inputs_rejected[epsilon=1e-5-/api/v1/mechanism]
tests/window1_content_api/test_content_api.py::test_unsupported_inputs_rejected[state=STRICT_1D-/api/v1/explore/scenes]
tests/window1_content_api/test_content_api.py::test_unsupported_inputs_rejected[state=STRICT_1D-/api/v1/explore/scenes/3]
tests/window1_content_api/test_content_api.py::test_unsupported_inputs_rejected[state=STRICT_1D-/api/v1/mechanism]
tests/window1_content_api/test_content_api.py::test_unsupported_inputs_rejected[state_vector=1,2,3,4-/api/v1/explore/scenes]
tests/window1_content_api/test_content_api.py::test_unsupported_inputs_rejected[state_vector=1,2,3,4-/api/v1/explore/scenes/3]
tests/window1_content_api/test_content_api.py::test_unsupported_inputs_rejected[state_vector=1,2,3,4-/api/v1/mechanism]
tests/window1_content_api/test_content_api.py::test_unsupported_inputs_rejected[scene_id=1-/api/v1/explore/scenes]
tests/window1_content_api/test_content_api.py::test_unsupported_inputs_rejected[scene_id=1-/api/v1/explore/scenes/3]
tests/window1_content_api/test_content_api.py::test_unsupported_inputs_rejected[scene_id=1-/api/v1/mechanism]
tests/window1_content_api/test_content_api.py::test_unsupported_inputs_rejected[registry_revision=a&registry_revision=b-/api/v1/explore/scenes]
tests/window1_content_api/test_content_api.py::test_unsupported_inputs_rejected[registry_revision=a&registry_revision=b-/api/v1/explore/scenes/3]
tests/window1_content_api/test_content_api.py::test_unsupported_inputs_rejected[registry_revision=a&registry_revision=b-/api/v1/mechanism]
tests/window1_content_api/test_content_api.py::test_content_revision_and_method_contract[/api/v1/explore/scenes]
tests/window1_content_api/test_content_api.py::test_content_revision_and_method_contract[/api/v1/explore/scenes/1]
tests/window1_content_api/test_content_api.py::test_content_revision_and_method_contract[/api/v1/mechanism]
tests/window1_content_api/test_content_api.py::test_content03_schematic_complete_graph
tests/window1_content_api/test_content_api.py::test_scene_metadata_survives_unavailable_children_without_scientific_io[None-503]
tests/window1_content_api/test_content_api.py::test_scene_metadata_survives_unavailable_children_without_scientific_io[SOURCE_DATA_DRIFT-409]
tests/window1_content_api/test_content_api.py::test_scene_metadata_survives_unavailable_children_without_scientific_io[SOURCE_READ_ERROR-500]
tests/window1_content_api/test_content_api.py::test_scene_payloads_have_no_scientific_arrays
tests/window1_content_api/test_content_api.py::test_scene_targets_and_evidence_resolve_existing_registry_and_api
tests/window1_content_api/test_content_api.py::test_only_three_content_operations_and_no_near1d_numerical_endpoint
tests/window1_content_api/test_content_api.py::test_openapi_consistency_and_actual_payloads
tests/window1_content_api/test_content_api.py::test_openapi_and_generated_types_repeatable
tests/window1_cylinder_adapter/test_cylinder_adapter.py::test_three_real_configs_registry_and_protocol
tests/window1_cylinder_adapter/test_cylinder_adapter.py::test_c_u_rejected_before_source_access[list_snapshots-args0]
tests/window1_cylinder_adapter/test_cylinder_adapter.py::test_c_u_rejected_before_source_access[load_snapshot_metadata-args1]
tests/window1_cylinder_adapter/test_cylinder_adapter.py::test_c_u_rejected_before_source_access[load_field-args2]
tests/window1_cylinder_adapter/test_cylinder_adapter.py::test_c_u_rejected_before_source_access[load_entropy_history-args3]
tests/window1_cylinder_adapter/test_cylinder_adapter.py::test_c_u_rejected_before_source_access[load_scalar_series-args4]
tests/window1_cylinder_adapter/test_cylinder_adapter.py::test_c_u_rejected_before_source_access[load_allocation_overview-args5]
tests/window1_cylinder_adapter/test_cylinder_adapter.py::test_c_u_rejected_before_source_access[load_sectors-args6]
tests/window1_cylinder_adapter/test_cylinder_adapter.py::test_c_u_rejected_before_source_access[load_front_band-args7]
tests/window1_cylinder_adapter/test_cylinder_adapter.py::test_c_u_rejected_before_source_access[load_metrics-args8]
tests/window1_cylinder_adapter/test_cylinder_adapter.py::test_five_snapshot_indices_native_source_step_and_time[A_u]
tests/window1_cylinder_adapter/test_cylinder_adapter.py::test_five_snapshot_indices_native_source_step_and_time[B_u]
tests/window1_cylinder_adapter/test_cylinder_adapter.py::test_five_snapshot_indices_native_source_step_and_time[D_u]
tests/window1_cylinder_adapter/test_cylinder_adapter.py::test_snapshot_zero_and_unrecorded_indices_rejected[0]
tests/window1_cylinder_adapter/test_cylinder_adapter.py::test_snapshot_zero_and_unrecorded_indices_rejected[-1]
tests/window1_cylinder_adapter/test_cylinder_adapter.py::test_snapshot_zero_and_unrecorded_indices_rejected[6]
tests/window1_cylinder_adapter/test_cylinder_adapter.py::test_snapshot_zero_and_unrecorded_indices_rejected[True]
tests/window1_cylinder_adapter/test_cylinder_adapter.py::test_snapshot_zero_and_unrecorded_indices_rejected[1.0]
tests/window1_cylinder_adapter/test_cylinder_adapter.py::test_array01_native_values_and_all_saved_geometry[1-A_u]
tests/window1_cylinder_adapter/test_cylinder_adapter.py::test_array01_native_values_and_all_saved_geometry[1-B_u]
tests/window1_cylinder_adapter/test_cylinder_adapter.py::test_array01_native_values_and_all_saved_geometry[1-D_u]
tests/window1_cylinder_adapter/test_cylinder_adapter.py::test_array01_native_values_and_all_saved_geometry[2-A_u]
tests/window1_cylinder_adapter/test_cylinder_adapter.py::test_array01_native_values_and_all_saved_geometry[2-B_u]
tests/window1_cylinder_adapter/test_cylinder_adapter.py::test_array01_native_values_and_all_saved_geometry[2-D_u]
tests/window1_cylinder_adapter/test_cylinder_adapter.py::test_array01_native_values_and_all_saved_geometry[3-A_u]
tests/window1_cylinder_adapter/test_cylinder_adapter.py::test_array01_native_values_and_all_saved_geometry[3-B_u]
tests/window1_cylinder_adapter/test_cylinder_adapter.py::test_array01_native_values_and_all_saved_geometry[3-D_u]
tests/window1_cylinder_adapter/test_cylinder_adapter.py::test_array01_native_values_and_all_saved_geometry[4-A_u]
tests/window1_cylinder_adapter/test_cylinder_adapter.py::test_array01_native_values_and_all_saved_geometry[4-B_u]
tests/window1_cylinder_adapter/test_cylinder_adapter.py::test_array01_native_values_and_all_saved_geometry[4-D_u]
tests/window1_cylinder_adapter/test_cylinder_adapter.py::test_array01_native_values_and_all_saved_geometry[5-A_u]
tests/window1_cylinder_adapter/test_cylinder_adapter.py::test_array01_native_values_and_all_saved_geometry[5-B_u]
tests/window1_cylinder_adapter/test_cylinder_adapter.py::test_array01_native_values_and_all_saved_geometry[5-D_u]
tests/window1_cylinder_adapter/test_cylinder_adapter.py::test_missing_field_is_missing_not_numeric_zero
tests/window1_cylinder_adapter/test_cylinder_adapter.py::test_partial_snapshot_missing_saved_member_is_not_synthesized
tests/window1_cylinder_adapter/test_cylinder_adapter.py::test_all_9757_scalar_rows_channels_interval_units_and_numbering[A_u]
tests/window1_cylinder_adapter/test_cylinder_adapter.py::test_all_9757_scalar_rows_channels_interval_units_and_numbering[B_u]
tests/window1_cylinder_adapter/test_cylinder_adapter.py::test_all_9757_scalar_rows_channels_interval_units_and_numbering[D_u]
tests/window1_cylinder_adapter/test_cylinder_adapter.py::test_all_35_series_definitions_stage_and_increment_semantics[A_u]
tests/window1_cylinder_adapter/test_cylinder_adapter.py::test_all_35_series_definitions_stage_and_increment_semantics[B_u]
tests/window1_cylinder_adapter/test_cylinder_adapter.py::test_all_35_series_definitions_stage_and_increment_semantics[D_u]
tests/window1_cylinder_adapter/test_cylinder_adapter.py::test_history_invalid_pages[-1-1]
tests/window1_cylinder_adapter/test_cylinder_adapter.py::test_history_invalid_pages[0-0]
tests/window1_cylinder_adapter/test_cylinder_adapter.py::test_history_invalid_pages[0-5001]
tests/window1_cylinder_adapter/test_cylinder_adapter.py::test_history_invalid_pages[True-1]
tests/window1_cylinder_adapter/test_cylinder_adapter.py::test_history_empty_page_and_unknown_series
tests/window1_cylinder_adapter/test_cylinder_adapter.py::test_sectors_native_16_17_channels_canonical_sum_and_separate_units[A_u]
tests/window1_cylinder_adapter/test_cylinder_adapter.py::test_sectors_native_16_17_channels_canonical_sum_and_separate_units[B_u]
tests/window1_cylinder_adapter/test_cylinder_adapter.py::test_sectors_native_16_17_channels_canonical_sum_and_separate_units[D_u]
tests/window1_cylinder_adapter/test_cylinder_adapter.py::test_region_scalar_fixed_a_u_mask_saved_cumulative_and_missing2d[A_u]
tests/window1_cylinder_adapter/test_cylinder_adapter.py::test_region_scalar_fixed_a_u_mask_saved_cumulative_and_missing2d[B_u]
tests/window1_cylinder_adapter/test_cylinder_adapter.py::test_region_scalar_fixed_a_u_mask_saved_cumulative_and_missing2d[D_u]
tests/window1_cylinder_adapter/test_cylinder_adapter.py::test_metrics_exact_saved_values_definitions_detectors_units_and_floor[A_u]
tests/window1_cylinder_adapter/test_cylinder_adapter.py::test_metrics_exact_saved_values_definitions_detectors_units_and_floor[B_u]
tests/window1_cylinder_adapter/test_cylinder_adapter.py::test_metrics_exact_saved_values_definitions_detectors_units_and_floor[D_u]
tests/window1_cylinder_adapter/test_cylinder_adapter.py::test_metrics_filter_and_nonterminal_movie_rejected
tests/window1_cylinder_adapter/test_cylinder_adapter.py::test_evidence_closure_protocol_definitions_masks_hash_and_processing[protocol-A_u]
tests/window1_cylinder_adapter/test_cylinder_adapter.py::test_evidence_closure_protocol_definitions_masks_hash_and_processing[protocol-B_u]
tests/window1_cylinder_adapter/test_cylinder_adapter.py::test_evidence_closure_protocol_definitions_masks_hash_and_processing[protocol-D_u]
tests/window1_cylinder_adapter/test_cylinder_adapter.py::test_evidence_closure_protocol_definitions_masks_hash_and_processing[snapshots-A_u]
tests/window1_cylinder_adapter/test_cylinder_adapter.py::test_evidence_closure_protocol_definitions_masks_hash_and_processing[snapshots-B_u]
tests/window1_cylinder_adapter/test_cylinder_adapter.py::test_evidence_closure_protocol_definitions_masks_hash_and_processing[snapshots-D_u]
tests/window1_cylinder_adapter/test_cylinder_adapter.py::test_evidence_closure_protocol_definitions_masks_hash_and_processing[history-A_u]
tests/window1_cylinder_adapter/test_cylinder_adapter.py::test_evidence_closure_protocol_definitions_masks_hash_and_processing[history-B_u]
tests/window1_cylinder_adapter/test_cylinder_adapter.py::test_evidence_closure_protocol_definitions_masks_hash_and_processing[history-D_u]
tests/window1_cylinder_adapter/test_cylinder_adapter.py::test_evidence_closure_protocol_definitions_masks_hash_and_processing[sectors-A_u]
tests/window1_cylinder_adapter/test_cylinder_adapter.py::test_evidence_closure_protocol_definitions_masks_hash_and_processing[sectors-B_u]
tests/window1_cylinder_adapter/test_cylinder_adapter.py::test_evidence_closure_protocol_definitions_masks_hash_and_processing[sectors-D_u]
tests/window1_cylinder_adapter/test_cylinder_adapter.py::test_evidence_closure_protocol_definitions_masks_hash_and_processing[front-band-A_u]
tests/window1_cylinder_adapter/test_cylinder_adapter.py::test_evidence_closure_protocol_definitions_masks_hash_and_processing[front-band-B_u]
tests/window1_cylinder_adapter/test_cylinder_adapter.py::test_evidence_closure_protocol_definitions_masks_hash_and_processing[front-band-D_u]
tests/window1_cylinder_adapter/test_cylinder_adapter.py::test_evidence_closure_protocol_definitions_masks_hash_and_processing[metrics-A_u]
tests/window1_cylinder_adapter/test_cylinder_adapter.py::test_evidence_closure_protocol_definitions_masks_hash_and_processing[metrics-B_u]
tests/window1_cylinder_adapter/test_cylinder_adapter.py::test_evidence_closure_protocol_definitions_masks_hash_and_processing[metrics-D_u]
tests/window1_cylinder_adapter/test_cylinder_adapter.py::test_result_provenance_and_fresh_array_resolution
tests/window1_cylinder_adapter/test_cylinder_adapter.py::test_saved_source_missing_and_hash_drift_are_blocked
tests/window1_cylinder_adapter/test_cylinder_adapter.py::test_cached_history_still_checks_current_hash
tests/window1_cylinder_adapter/test_cylinder_adapter.py::test_metrics_terminal_state_dependency_drift_blocks_delivery
tests/window1_cylinder_adapter/test_cylinder_adapter.py::test_cached_array_descriptor_does_not_bypass_source_observation
tests/window1_cylinder_adapter/test_cylinder_adapter.py::test_unavailable_adapter_and_source_schema_validation
tests/window1_cylinder_adapter/test_cylinder_adapter.py::test_independent_worktree_base_and_frozen_contracts_preserved
tests/window1_cylinder_adapter/test_cylinder_adapter.py::test_all_source_assets_hash_size_mtime_and_names_preserved
tests/window1_cylinder_adapter/test_cylinder_adapter.py::test_no_scientific_writes_or_solver_execution
tests/window1_du_allocation/test_du_allocation.py::test_real_hashes_equal_formal_inventory_and_freeze_manifest
tests/window1_du_allocation/test_du_allocation.py::test_face_description_metadata_and_corrected_legacy_source
tests/window1_du_allocation/test_du_allocation.py::test_load_verbatim_saved_array_with_shape_dtype_units_and_provenance[pi_at_x_faces]
tests/window1_du_allocation/test_du_allocation.py::test_load_verbatim_saved_array_with_shape_dtype_units_and_provenance[pi_at_y_faces]
tests/window1_du_allocation/test_du_allocation.py::test_load_verbatim_saved_array_with_shape_dtype_units_and_provenance[x_face]
tests/window1_du_allocation/test_du_allocation.py::test_load_verbatim_saved_array_with_shape_dtype_units_and_provenance[x_cell]
tests/window1_du_allocation/test_du_allocation.py::test_load_verbatim_saved_array_with_shape_dtype_units_and_provenance[y_face]
tests/window1_du_allocation/test_du_allocation.py::test_load_verbatim_saved_array_with_shape_dtype_units_and_provenance[x_window_mask]
tests/window1_du_allocation/test_du_allocation.py::test_load_verbatim_saved_array_with_shape_dtype_units_and_provenance[y_window_mask]
tests/window1_du_allocation/test_du_allocation.py::test_native_face_sum_mask_fractions_and_missing_spatial_curve
tests/window1_du_allocation/test_du_allocation.py::test_provenance_hash_roles_freeze_processing_and_locator_privacy
tests/window1_du_allocation/test_du_allocation.py::test_known_missing_configs_do_not_load_or_fabricate_maps[A_u]
tests/window1_du_allocation/test_du_allocation.py::test_known_missing_configs_do_not_load_or_fabricate_maps[B_u]
tests/window1_du_allocation/test_du_allocation.py::test_known_missing_configs_do_not_load_or_fabricate_maps[C_u]
tests/window1_du_allocation/test_du_allocation.py::test_unknown_identity_is_distinct_from_known_missing[args0-UNKNOWN_EXPERIMENT]
tests/window1_du_allocation/test_du_allocation.py::test_unknown_identity_is_distinct_from_known_missing[args1-UNKNOWN_CONFIG]
tests/window1_du_allocation/test_du_allocation.py::test_no_cell_projection_instantaneous_member_free_path_or_mixed_identity[case8.D_u.allocation-cell]
tests/window1_du_allocation/test_du_allocation.py::test_no_cell_projection_instantaneous_member_free_path_or_mixed_identity[case8.D_u.allocation-y_cell]
tests/window1_du_allocation/test_du_allocation.py::test_no_cell_projection_instantaneous_member_free_path_or_mixed_identity[case8.D_u.allocation-x_pi_at]
tests/window1_du_allocation/test_du_allocation.py::test_no_cell_projection_instantaneous_member_free_path_or_mixed_identity[arbitrary.path-pi_at_x_faces]
tests/window1_du_allocation/test_du_allocation.py::test_no_cell_projection_instantaneous_member_free_path_or_mixed_identity[case8.D_u.allocation.pi_at_x_faces-pi_at_y_faces]
tests/window1_du_allocation/test_du_allocation.py::test_missing_source_is_typed_and_never_empty_success
tests/window1_du_allocation/test_du_allocation.py::test_data_or_dependency_drift_blocks_numeric_load_without_source_writes[Pi_at_trajectory_integrated.npz]
tests/window1_du_allocation/test_du_allocation.py::test_data_or_dependency_drift_blocks_numeric_load_without_source_writes[shock_window_final_or_definition.npz]
tests/window1_du_allocation/test_du_allocation.py::test_data_or_dependency_drift_blocks_numeric_load_without_source_writes[rerun_config.json]
tests/window1_du_allocation/test_du_allocation.py::test_data_or_dependency_drift_blocks_numeric_load_without_source_writes[rerun_metrics.json]
tests/window1_du_allocation/test_du_allocation.py::test_data_or_dependency_drift_blocks_numeric_load_without_source_writes[verification_report.json]
tests/window1_du_allocation/test_du_allocation.py::test_data_or_dependency_drift_blocks_numeric_load_without_source_writes[rerun_provenance.md]
tests/window1_du_allocation/test_du_allocation.py::test_data_or_dependency_drift_blocks_numeric_load_without_source_writes[du_spatial_rerun_observer.py]
tests/window1_du_allocation/test_du_allocation.py::test_data_or_dependency_drift_blocks_numeric_load_without_source_writes[FREEZE_MANIFEST.json]
tests/window1_du_allocation/test_du_allocation.py::test_change_between_dependency_observations_is_rejected
tests/window1_du_allocation/test_du_allocation.py::test_native_array_schema_and_closure_fail_closed_in_memory[shape]
tests/window1_du_allocation/test_du_allocation.py::test_native_array_schema_and_closure_fail_closed_in_memory[dtype]
tests/window1_du_allocation/test_du_allocation.py::test_native_array_schema_and_closure_fail_closed_in_memory[nan]
tests/window1_du_allocation/test_du_allocation.py::test_native_array_schema_and_closure_fail_closed_in_memory[budget]
tests/window1_du_allocation/test_du_allocation.py::test_native_array_schema_and_closure_fail_closed_in_memory[mask]
tests/window1_du_allocation/test_du_allocation.py::test_native_array_schema_and_closure_fail_closed_in_memory[trajectory]
tests/window1_du_allocation/test_du_allocation.py::test_native_array_schema_and_closure_fail_closed_in_memory[corrupt]
tests/window1_du_allocation/test_du_allocation.py::test_all_methods_reject_unavailable_revision_before_reading[describe_allocation-args0]
tests/window1_du_allocation/test_du_allocation.py::test_all_methods_reject_unavailable_revision_before_reading[load_allocation_metadata-args1]
tests/window1_du_allocation/test_du_allocation.py::test_all_methods_reject_unavailable_revision_before_reading[load_allocation_array-args2]
tests/window1_du_allocation/test_du_allocation.py::test_all_methods_reject_unavailable_revision_before_reading[load_mask-args3]
tests/window1_du_allocation/test_du_allocation.py::test_all_methods_reject_unavailable_revision_before_reading[load_summary_metrics-args4]
tests/window1_du_allocation/test_du_allocation.py::test_all_methods_reject_unavailable_revision_before_reading[load_evidence-args5]
tests/window1_du_allocation/test_du_allocation.py::test_all_methods_reject_unavailable_revision_before_reading[load_provenance-args6]
tests/window1_evidence_core/test_evidence_core.py::test_current_default_page_excludes_history_and_missing
tests/window1_evidence_core/test_evidence_core.py::test_server_filters_and_stable_offset_pages
tests/window1_evidence_core/test_evidence_core.py::test_only_frozen_evidence_query_fields_are_accepted[limit=0]
tests/window1_evidence_core/test_evidence_core.py::test_only_frozen_evidence_query_fields_are_accepted[limit=201]
tests/window1_evidence_core/test_evidence_core.py::test_only_frozen_evidence_query_fields_are_accepted[offset=-1]
tests/window1_evidence_core/test_evidence_core.py::test_only_frozen_evidence_query_fields_are_accepted[offset=1.2]
tests/window1_evidence_core/test_evidence_core.py::test_only_frozen_evidence_query_fields_are_accepted[limit=x]
tests/window1_evidence_core/test_evidence_core.py::test_only_frozen_evidence_query_fields_are_accepted[section=unknown]
tests/window1_evidence_core/test_evidence_core.py::test_only_frozen_evidence_query_fields_are_accepted[status=UNSUPPORTED]
tests/window1_evidence_core/test_evidence_core.py::test_only_frozen_evidence_query_fields_are_accepted[limit=1&limit=2]
tests/window1_evidence_core/test_evidence_core.py::test_only_frozen_evidence_query_fields_are_accepted[section=CURRENT&section=GAPS]
tests/window1_evidence_core/test_evidence_core.py::test_only_frozen_evidence_query_fields_are_accepted[path=D:/Paper/passage6]
tests/window1_evidence_core/test_evidence_core.py::test_only_frozen_evidence_query_fields_are_accepted[source_drift=false]
tests/window1_evidence_core/test_evidence_core.py::test_gaps_are_explicit_missing_unsupported_and_never_numeric_zero
tests/window1_evidence_core/test_evidence_core.py::test_history_is_separate_and_keeps_original_status
tests/window1_evidence_core/test_evidence_core.py::test_unknown_id_is_typed_404[/api/v1/evidence/unknown-UNKNOWN_EVIDENCE_ID]
tests/window1_evidence_core/test_evidence_core.py::test_unknown_id_is_typed_404[/api/v1/results/not-registered/provenance-INVALID_RESULT_ID]
tests/window1_evidence_core/test_evidence_core.py::test_unknown_id_is_typed_404[/api/v1/assets/unknown-UNKNOWN_ASSET_ID]
tests/window1_evidence_core/test_evidence_core.py::test_representative_result_provenance_has_every_direct_record[case8.D_u.allocation]
tests/window1_evidence_core/test_evidence_core.py::test_representative_result_provenance_has_every_direct_record[case8.D_u.E_at_cumulative]
tests/window1_evidence_core/test_evidence_core.py::test_representative_result_provenance_has_every_direct_record[gate.Acoustic.allocation]
tests/window1_evidence_core/test_evidence_core.py::test_representative_result_provenance_has_every_direct_record[gate.comparison.min]
tests/window1_evidence_core/test_evidence_core.py::test_representative_result_provenance_has_every_direct_record[spectrum.q-0.396.mode-08]
tests/window1_evidence_core/test_evidence_core.py::test_representative_result_provenance_has_every_direct_record[spectrum.q-0.396.mode-16.left.rank-31.complex_vector.stored_vector]
tests/window1_evidence_core/test_evidence_core.py::test_representative_result_provenance_has_every_direct_record[spectrum.q-0.132.mode-07.right.rank-03.primitive_profile.pressure]
tests/window1_evidence_core/test_evidence_core.py::test_representative_result_provenance_has_every_direct_record[modal-validation.m01_q0p000_eps1e-04.history]
tests/window1_evidence_core/test_evidence_core.py::test_representative_result_provenance_has_every_direct_record[cylinder.D_u.sectors]
tests/window1_evidence_core/test_evidence_core.py::test_representative_result_provenance_has_every_direct_record[case8-cylinder.D_u.D_u]
tests/window1_evidence_core/test_evidence_core.py::test_representative_result_provenance_has_every_direct_record[entropy-closure.D_u-cfl-0.05.run.R_total]
tests/window1_evidence_core/test_evidence_core.py::test_representative_result_provenance_has_every_direct_record[mechanism.acoustic-pathways.v1]
tests/window1_evidence_core/test_evidence_core.py::test_mechanism_is_nonnumerical_and_explore_reuses_existing_ids
tests/window1_evidence_core/test_evidence_core.py::test_schema_hash_separation_unknown_dates_and_asset_details[ev.case8.D_u.entropy]
tests/window1_evidence_core/test_evidence_core.py::test_schema_hash_separation_unknown_dates_and_asset_details[ev.case8.D_u.allocation]
tests/window1_evidence_core/test_evidence_core.py::test_schema_hash_separation_unknown_dates_and_asset_details[ev.gate.Acoustic.allocation]
tests/window1_evidence_core/test_evidence_core.py::test_schema_hash_separation_unknown_dates_and_asset_details[evidence.spectral.spectrum.q-0.396]
tests/window1_evidence_core/test_evidence_core.py::test_schema_hash_separation_unknown_dates_and_asset_details[ev.cylinder.D_u.sectors]
tests/window1_evidence_core/test_evidence_core.py::test_schema_hash_separation_unknown_dates_and_asset_details[ev.entropy-closure.D_u-cfl-0.05.run]
tests/window1_evidence_core/test_evidence_core.py::test_schema_hash_separation_unknown_dates_and_asset_details[ev.mechanism.theory-implementation]
tests/window1_evidence_core/test_evidence_core.py::test_drift_aggregates_all_dependencies_with_true_priority[facts0-UNKNOWN]
tests/window1_evidence_core/test_evidence_core.py::test_drift_aggregates_all_dependencies_with_true_priority[facts1-UNKNOWN]
tests/window1_evidence_core/test_evidence_core.py::test_drift_aggregates_all_dependencies_with_true_priority[facts2-False]
tests/window1_evidence_core/test_evidence_core.py::test_drift_aggregates_all_dependencies_with_true_priority[facts3-True]
tests/window1_evidence_core/test_evidence_core.py::test_case8_data_drift_remains_inspectable_and_blocks_numeric_delivery
tests/window1_evidence_core/test_evidence_core.py::test_all_source_families_keep_evidence_readable_on_data_drift[gate]
tests/window1_evidence_core/test_evidence_core.py::test_all_source_families_keep_evidence_readable_on_data_drift[cylinder]
tests/window1_evidence_core/test_evidence_core.py::test_all_source_families_keep_evidence_readable_on_data_drift[closure]
tests/window1_evidence_core/test_evidence_core.py::test_all_source_families_keep_evidence_readable_on_data_drift[spectral]
tests/window1_evidence_core/test_evidence_core.py::test_numeric_apis_preserve_source_data_drift_409_across_families[gate]
tests/window1_evidence_core/test_evidence_core.py::test_numeric_apis_preserve_source_data_drift_409_across_families[cylinder]
tests/window1_evidence_core/test_evidence_core.py::test_numeric_apis_preserve_source_data_drift_409_across_families[closure]
tests/window1_evidence_core/test_evidence_core.py::test_numeric_apis_preserve_source_data_drift_409_across_families[spectral]
tests/window1_evidence_core/test_evidence_core.py::test_missing_source_is_unknown_drift_and_not_false
tests/window1_evidence_core/test_evidence_core.py::test_recorded_bu_zero_is_preserved_separately_from_missing
tests/window1_evidence_core/test_evidence_core.py::test_evidence_readers_never_invoke_numeric_adapters
tests/window1_evidence_core/test_evidence_core.py::test_public_dtos_and_routes_have_no_locator_or_download
tests/window1_evidence_core/test_evidence_core.py::test_source_asset_model_rejects_absolute_or_escaping_origin[D:/Paper/passage6/file]
tests/window1_evidence_core/test_evidence_core.py::test_source_asset_model_rejects_absolute_or_escaping_origin[file:///D:/Paper/file]
tests/window1_evidence_core/test_evidence_core.py::test_source_asset_model_rejects_absolute_or_escaping_origin[../secret]
tests/window1_evidence_core/test_evidence_core.py::test_source_asset_model_rejects_absolute_or_escaping_origin[\\\\host\\share\\file]
tests/window1_evidence_core/test_evidence_core.py::test_source_asset_model_rejects_absolute_or_escaping_origin[/tmp/file]
tests/window1_evidence_core/test_evidence_core.py::test_all_formal_registries_have_evidence_and_accepted_metadata_is_canonical
tests/window1_evidence_core/test_evidence_core.py::test_openapi_runtime_saved_document_and_four_frozen_operations
tests/window1_spectral_adapter/test_spectral_adapter.py::test_offline_modes_parameters_complex_and_provenance
tests/window1_spectral_adapter/test_spectral_adapter.py::test_missing_dependencies_are_typed[SHA256_MANIFEST.json]
tests/window1_spectral_adapter/test_spectral_adapter.py::test_missing_dependencies_are_typed[config.json]
tests/window1_spectral_adapter/test_spectral_adapter.py::test_missing_dependencies_are_typed[method_identity.json]
tests/window1_spectral_adapter/test_spectral_adapter.py::test_missing_dependencies_are_typed[validity_gates.json]
tests/window1_spectral_adapter/test_spectral_adapter.py::test_missing_dependencies_are_typed[base_state/base_state.npz]
tests/window1_spectral_adapter/test_spectral_adapter.py::test_missing_dependencies_are_typed[base_state/base_state_audit.json]
tests/window1_spectral_adapter/test_spectral_adapter.py::test_missing_dependencies_are_typed[production_source/solver/fluxes/cross_mode_ec_unified_v1.py]
tests/window1_spectral_adapter/test_spectral_adapter.py::test_missing_dependencies_are_typed[scripts/common.py]
tests/window1_spectral_adapter/test_spectral_adapter.py::test_missing_dependencies_are_typed[scripts/spectrum_scan.py]
tests/window1_spectral_adapter/test_spectral_adapter.py::test_missing_dependencies_are_typed[spectrum/shock_mask.json]
tests/window1_spectral_adapter/test_spectral_adapter.py::test_missing_dependencies_are_typed[spectrum/spectral_summary.csv]
tests/window1_spectral_adapter/test_spectral_adapter.py::test_missing_dependencies_are_typed[spectrum/eigenvalues.npz]
tests/window1_spectral_adapter/test_spectral_adapter.py::test_hash_drift_prevents_numeric_results[SHA256_MANIFEST.json]
tests/window1_spectral_adapter/test_spectral_adapter.py::test_hash_drift_prevents_numeric_results[config.json]
tests/window1_spectral_adapter/test_spectral_adapter.py::test_hash_drift_prevents_numeric_results[method_identity.json]
tests/window1_spectral_adapter/test_spectral_adapter.py::test_hash_drift_prevents_numeric_results[validity_gates.json]
tests/window1_spectral_adapter/test_spectral_adapter.py::test_hash_drift_prevents_numeric_results[base_state/base_state.npz]
tests/window1_spectral_adapter/test_spectral_adapter.py::test_hash_drift_prevents_numeric_results[base_state/base_state_audit.json]
tests/window1_spectral_adapter/test_spectral_adapter.py::test_hash_drift_prevents_numeric_results[production_source/solver/fluxes/cross_mode_ec_unified_v1.py]
tests/window1_spectral_adapter/test_spectral_adapter.py::test_hash_drift_prevents_numeric_results[scripts/common.py]
tests/window1_spectral_adapter/test_spectral_adapter.py::test_hash_drift_prevents_numeric_results[scripts/spectrum_scan.py]
tests/window1_spectral_adapter/test_spectral_adapter.py::test_hash_drift_prevents_numeric_results[spectrum/shock_mask.json]
tests/window1_spectral_adapter/test_spectral_adapter.py::test_hash_drift_prevents_numeric_results[spectrum/spectral_summary.csv]
tests/window1_spectral_adapter/test_spectral_adapter.py::test_hash_drift_prevents_numeric_results[spectrum/eigenvalues.npz]
tests/window1_spectral_adapter/test_spectral_adapter.py::test_hash_drift_prevents_numeric_results[spectrum/right_eigenvectors.npz]
tests/window1_spectral_adapter/test_spectral_adapter.py::test_missing_vector_and_validation_do_not_disable_spectrum
tests/window1_spectral_adapter/test_spectral_adapter.py::test_offline_growth_24_run_mapping_and_missing_predictions[modal-validation.m01_q0p000_eps1e-04]
tests/window1_spectral_adapter/test_spectral_adapter.py::test_offline_growth_24_run_mapping_and_missing_predictions[modal-validation.m01_q0p000_eps1e-05]
tests/window1_spectral_adapter/test_spectral_adapter.py::test_offline_growth_24_run_mapping_and_missing_predictions[modal-validation.m01_q0p000_eps1e-06]
tests/window1_spectral_adapter/test_spectral_adapter.py::test_offline_growth_24_run_mapping_and_missing_predictions[modal-validation.m01_q0p396_eps1e-04]
tests/window1_spectral_adapter/test_spectral_adapter.py::test_offline_growth_24_run_mapping_and_missing_predictions[modal-validation.m01_q0p396_eps1e-05]
tests/window1_spectral_adapter/test_spectral_adapter.py::test_offline_growth_24_run_mapping_and_missing_predictions[modal-validation.m01_q0p396_eps1e-06]
tests/window1_spectral_adapter/test_spectral_adapter.py::test_offline_growth_24_run_mapping_and_missing_predictions[modal-validation.m04_q0p000_eps1e-04]
tests/window1_spectral_adapter/test_spectral_adapter.py::test_offline_growth_24_run_mapping_and_missing_predictions[modal-validation.m04_q0p000_eps1e-05]
tests/window1_spectral_adapter/test_spectral_adapter.py::test_offline_growth_24_run_mapping_and_missing_predictions[modal-validation.m04_q0p000_eps1e-06]
tests/window1_spectral_adapter/test_spectral_adapter.py::test_offline_growth_24_run_mapping_and_missing_predictions[modal-validation.m04_q0p396_eps1e-04]
tests/window1_spectral_adapter/test_spectral_adapter.py::test_offline_growth_24_run_mapping_and_missing_predictions[modal-validation.m04_q0p396_eps1e-05]
tests/window1_spectral_adapter/test_spectral_adapter.py::test_offline_growth_24_run_mapping_and_missing_predictions[modal-validation.m04_q0p396_eps1e-06]
tests/window1_spectral_adapter/test_spectral_adapter.py::test_offline_growth_24_run_mapping_and_missing_predictions[modal-validation.m08_q0p000_eps1e-04]
tests/window1_spectral_adapter/test_spectral_adapter.py::test_offline_growth_24_run_mapping_and_missing_predictions[modal-validation.m08_q0p000_eps1e-05]
tests/window1_spectral_adapter/test_spectral_adapter.py::test_offline_growth_24_run_mapping_and_missing_predictions[modal-validation.m08_q0p000_eps1e-06]
tests/window1_spectral_adapter/test_spectral_adapter.py::test_offline_growth_24_run_mapping_and_missing_predictions[modal-validation.m08_q0p396_eps1e-04]
tests/window1_spectral_adapter/test_spectral_adapter.py::test_offline_growth_24_run_mapping_and_missing_predictions[modal-validation.m08_q0p396_eps1e-05]
tests/window1_spectral_adapter/test_spectral_adapter.py::test_offline_growth_24_run_mapping_and_missing_predictions[modal-validation.m08_q0p396_eps1e-06]
tests/window1_spectral_adapter/test_spectral_adapter.py::test_offline_growth_24_run_mapping_and_missing_predictions[modal-validation.m12_q0p000_eps1e-04]
tests/window1_spectral_adapter/test_spectral_adapter.py::test_offline_growth_24_run_mapping_and_missing_predictions[modal-validation.m12_q0p000_eps1e-05]
tests/window1_spectral_adapter/test_spectral_adapter.py::test_offline_growth_24_run_mapping_and_missing_predictions[modal-validation.m12_q0p000_eps1e-06]
tests/window1_spectral_adapter/test_spectral_adapter.py::test_offline_growth_24_run_mapping_and_missing_predictions[modal-validation.m12_q0p396_eps1e-04]
tests/window1_spectral_adapter/test_spectral_adapter.py::test_offline_growth_24_run_mapping_and_missing_predictions[modal-validation.m12_q0p396_eps1e-05]
tests/window1_spectral_adapter/test_spectral_adapter.py::test_offline_growth_24_run_mapping_and_missing_predictions[modal-validation.m12_q0p396_eps1e-06]
tests/window1_spectral_adapter/test_spectral_adapter.py::test_growth_dependency_failure_is_unavailable[missing-cfd_validation/validation_summary.csv]
tests/window1_spectral_adapter/test_spectral_adapter.py::test_growth_dependency_failure_is_unavailable[missing-cfd_validation/mode_selection.json]
tests/window1_spectral_adapter/test_spectral_adapter.py::test_growth_dependency_failure_is_unavailable[missing-scripts/cfd_validation.py]
tests/window1_spectral_adapter/test_spectral_adapter.py::test_growth_dependency_failure_is_unavailable[missing-cfd_validation/runs/m01_q0p000_eps1e-04.csv]
tests/window1_spectral_adapter/test_spectral_adapter.py::test_growth_dependency_failure_is_unavailable[drift-cfd_validation/validation_summary.csv]
tests/window1_spectral_adapter/test_spectral_adapter.py::test_growth_dependency_failure_is_unavailable[drift-cfd_validation/mode_selection.json]
tests/window1_spectral_adapter/test_spectral_adapter.py::test_growth_dependency_failure_is_unavailable[drift-scripts/cfd_validation.py]
tests/window1_spectral_adapter/test_spectral_adapter.py::test_growth_dependency_failure_is_unavailable[drift-cfd_validation/runs/m01_q0p000_eps1e-04.csv]
tests/window1_spectral_adapter/test_spectral_adapter.py::test_growth_rehashed_schema_or_identity_failure[time_order]
tests/window1_spectral_adapter/test_spectral_adapter.py::test_growth_rehashed_schema_or_identity_failure[step_count]
tests/window1_spectral_adapter/test_spectral_adapter.py::test_growth_rehashed_schema_or_identity_failure[negative_amplitude]
tests/window1_spectral_adapter/test_spectral_adapter.py::test_growth_rehashed_schema_or_identity_failure[branch_rank]
tests/window1_spectral_adapter/test_spectral_adapter.py::test_growth_rehashed_schema_or_identity_failure[history_path]
tests/window1_spectral_adapter/test_spectral_adapter.py::test_growth_rehashed_schema_or_identity_failure[rates]
tests/window1_spectral_adapter/test_spectral_adapter.py::test_growth_rehashed_schema_or_identity_failure[discrepancy]
tests/window1_spectral_adapter/test_spectral_adapter.py::test_rehashed_malformed_spectrum_rejected_without_reordering[q_order]
tests/window1_spectral_adapter/test_spectral_adapter.py::test_rehashed_malformed_spectrum_rejected_without_reordering[mode_order]
tests/window1_spectral_adapter/test_spectral_adapter.py::test_rehashed_malformed_spectrum_rejected_without_reordering[mode_count]
tests/window1_spectral_adapter/test_spectral_adapter.py::test_rehashed_malformed_spectrum_rejected_without_reordering[dtype]
tests/window1_spectral_adapter/test_spectral_adapter.py::test_rehashed_malformed_spectrum_rejected_without_reordering[summary_count]
tests/window1_spectral_adapter/test_spectral_adapter.py::test_rehashed_malformed_spectrum_rejected_without_reordering[summary_order]
tests/window1_spectral_adapter/test_spectral_adapter.py::test_rehashed_malformed_spectrum_rejected_without_reordering[duplicate]
tests/window1_spectral_adapter/test_spectral_adapter.py::test_rehashed_malformed_spectrum_rejected_without_reordering[alpha]
tests/window1_spectral_adapter/test_spectral_adapter.py::test_rehashed_malformed_complex_vector_rejected[ranks]
tests/window1_spectral_adapter/test_spectral_adapter.py::test_rehashed_malformed_complex_vector_rejected[real_vector]
tests/window1_spectral_adapter/test_spectral_adapter.py::test_rehashed_malformed_complex_vector_rejected[flat_vector]
tests/window1_spectral_adapter/test_spectral_adapter.py::test_rehashed_malformed_complex_vector_rejected[nan]
tests/window1_spectral_adapter/test_spectral_adapter.py::test_rehashed_malformed_complex_vector_rejected[corrupt_npz]
tests/window1_spectral_adapter/test_spectral_adapter.py::test_changed_dependency_between_reads[bytes]
tests/window1_spectral_adapter/test_spectral_adapter.py::test_changed_dependency_between_reads[stamp]
tests/window1_spectral_adapter/test_spectral_adapter.py::test_changed_dependency_between_reads[disappeared]
tests/window1_spectral_adapter/test_spectral_adapter.py::test_dataset_selector_is_registered_identity_only[0.132]
tests/window1_spectral_adapter/test_spectral_adapter.py::test_dataset_selector_is_registered_identity_only[spectrum.q-0.200]
tests/window1_spectral_adapter/test_spectral_adapter.py::test_dataset_selector_is_registered_identity_only[../../config.json]
tests/window1_spectral_adapter/test_spectral_adapter.py::test_dataset_selector_is_registered_identity_only[D:/Paper/passage6]
tests/window1_spectral_adapter/test_spectral_adapter.py::test_dataset_selector_is_registered_identity_only[True]
tests/window1_spectral_adapter/test_spectral_adapter.py::test_invalid_eigenmode_selection[kwargs0]
tests/window1_spectral_adapter/test_spectral_adapter.py::test_invalid_eigenmode_selection[kwargs1]
tests/window1_spectral_adapter/test_spectral_adapter.py::test_invalid_eigenmode_selection[kwargs2]
tests/window1_spectral_adapter/test_spectral_adapter.py::test_invalid_eigenmode_selection[kwargs3]
tests/window1_spectral_adapter/test_spectral_adapter.py::test_invalid_eigenmode_selection[kwargs4]
tests/window1_spectral_adapter/test_spectral_adapter.py::test_invalid_eigenmode_selection[kwargs5]
tests/window1_spectral_adapter/test_spectral_adapter.py::test_invalid_eigenmode_selection[kwargs6]
tests/window1_spectral_adapter/test_spectral_adapter.py::test_invalid_eigenmode_selection[kwargs7]
tests/window1_spectral_adapter/test_spectral_adapter.py::test_invalid_eigenmode_selection[kwargs8]
tests/window1_spectral_adapter/test_spectral_adapter.py::test_invalid_eigenmode_selection[kwargs9]
tests/window1_spectral_adapter/test_spectral_adapter.py::test_invalid_eigenmode_selection[kwargs10]
tests/window1_spectral_adapter/test_spectral_adapter.py::test_revision_and_array_reference_pair
tests/window1_spectral_adapter/test_spectral_adapter.py::test_real_complete_spectrum_exact_source_order[spectrum.q-0.000-0.0]
tests/window1_spectral_adapter/test_spectral_adapter.py::test_real_complete_spectrum_exact_source_order[spectrum.q-0.132-0.132]
tests/window1_spectral_adapter/test_spectral_adapter.py::test_real_complete_spectrum_exact_source_order[spectrum.q-0.264-0.264]
tests/window1_spectral_adapter/test_spectral_adapter.py::test_real_complete_spectrum_exact_source_order[spectrum.q-0.396-0.396]
tests/window1_spectral_adapter/test_spectral_adapter.py::test_real_complex_vectors_exact_without_projection_conversion[COMPLEX-0-RIGHT]
tests/window1_spectral_adapter/test_spectral_adapter.py::test_real_complex_vectors_exact_without_projection_conversion[COMPLEX-0-LEFT]
tests/window1_spectral_adapter/test_spectral_adapter.py::test_real_complex_vectors_exact_without_projection_conversion[COMPLEX-1-RIGHT]
tests/window1_spectral_adapter/test_spectral_adapter.py::test_real_complex_vectors_exact_without_projection_conversion[COMPLEX-1-LEFT]
tests/window1_spectral_adapter/test_spectral_adapter.py::test_real_complex_vectors_exact_without_projection_conversion[COMPLEX-31-RIGHT]
tests/window1_spectral_adapter/test_spectral_adapter.py::test_real_complex_vectors_exact_without_projection_conversion[COMPLEX-31-LEFT]
tests/window1_spectral_adapter/test_spectral_adapter.py::test_real_complex_vectors_exact_without_projection_conversion[REAL-0-RIGHT]
tests/window1_spectral_adapter/test_spectral_adapter.py::test_real_complex_vectors_exact_without_projection_conversion[REAL-0-LEFT]
tests/window1_spectral_adapter/test_spectral_adapter.py::test_real_complex_vectors_exact_without_projection_conversion[REAL-1-RIGHT]
tests/window1_spectral_adapter/test_spectral_adapter.py::test_real_complex_vectors_exact_without_projection_conversion[REAL-1-LEFT]
tests/window1_spectral_adapter/test_spectral_adapter.py::test_real_complex_vectors_exact_without_projection_conversion[REAL-31-RIGHT]
tests/window1_spectral_adapter/test_spectral_adapter.py::test_real_complex_vectors_exact_without_projection_conversion[REAL-31-LEFT]
tests/window1_spectral_adapter/test_spectral_adapter.py::test_real_complex_vectors_exact_without_projection_conversion[IMAGINARY-0-RIGHT]
tests/window1_spectral_adapter/test_spectral_adapter.py::test_real_complex_vectors_exact_without_projection_conversion[IMAGINARY-0-LEFT]
tests/window1_spectral_adapter/test_spectral_adapter.py::test_real_complex_vectors_exact_without_projection_conversion[IMAGINARY-1-RIGHT]
tests/window1_spectral_adapter/test_spectral_adapter.py::test_real_complex_vectors_exact_without_projection_conversion[IMAGINARY-1-LEFT]
tests/window1_spectral_adapter/test_spectral_adapter.py::test_real_complex_vectors_exact_without_projection_conversion[IMAGINARY-31-RIGHT]
tests/window1_spectral_adapter/test_spectral_adapter.py::test_real_complex_vectors_exact_without_projection_conversion[IMAGINARY-31-LEFT]
tests/window1_spectral_adapter/test_spectral_adapter.py::test_real_complex_vectors_exact_without_projection_conversion[AMPLITUDE-0-RIGHT]
tests/window1_spectral_adapter/test_spectral_adapter.py::test_real_complex_vectors_exact_without_projection_conversion[AMPLITUDE-0-LEFT]
tests/window1_spectral_adapter/test_spectral_adapter.py::test_real_complex_vectors_exact_without_projection_conversion[AMPLITUDE-1-RIGHT]
tests/window1_spectral_adapter/test_spectral_adapter.py::test_real_complex_vectors_exact_without_projection_conversion[AMPLITUDE-1-LEFT]
tests/window1_spectral_adapter/test_spectral_adapter.py::test_real_complex_vectors_exact_without_projection_conversion[AMPLITUDE-31-RIGHT]
tests/window1_spectral_adapter/test_spectral_adapter.py::test_real_complex_vectors_exact_without_projection_conversion[AMPLITUDE-31-LEFT]
tests/window1_spectral_adapter/test_spectral_adapter.py::test_real_saved_primitive_amplitude_only[density-0]
tests/window1_spectral_adapter/test_spectral_adapter.py::test_real_saved_primitive_amplitude_only[u-1]
tests/window1_spectral_adapter/test_spectral_adapter.py::test_real_saved_primitive_amplitude_only[v-2]
tests/window1_spectral_adapter/test_spectral_adapter.py::test_real_saved_primitive_amplitude_only[pressure-3]
tests/window1_spectral_adapter/test_spectral_adapter.py::test_real_growth_rates_and_history_no_fitting_or_synthesis[modal-validation.m01_q0p000_eps1e-04]
tests/window1_spectral_adapter/test_spectral_adapter.py::test_real_growth_rates_and_history_no_fitting_or_synthesis[modal-validation.m01_q0p000_eps1e-05]
tests/window1_spectral_adapter/test_spectral_adapter.py::test_real_growth_rates_and_history_no_fitting_or_synthesis[modal-validation.m01_q0p000_eps1e-06]
tests/window1_spectral_adapter/test_spectral_adapter.py::test_real_growth_rates_and_history_no_fitting_or_synthesis[modal-validation.m01_q0p396_eps1e-04]
tests/window1_spectral_adapter/test_spectral_adapter.py::test_real_growth_rates_and_history_no_fitting_or_synthesis[modal-validation.m01_q0p396_eps1e-05]
tests/window1_spectral_adapter/test_spectral_adapter.py::test_real_growth_rates_and_history_no_fitting_or_synthesis[modal-validation.m01_q0p396_eps1e-06]
tests/window1_spectral_adapter/test_spectral_adapter.py::test_real_growth_rates_and_history_no_fitting_or_synthesis[modal-validation.m04_q0p000_eps1e-04]
tests/window1_spectral_adapter/test_spectral_adapter.py::test_real_growth_rates_and_history_no_fitting_or_synthesis[modal-validation.m04_q0p000_eps1e-05]
tests/window1_spectral_adapter/test_spectral_adapter.py::test_real_growth_rates_and_history_no_fitting_or_synthesis[modal-validation.m04_q0p000_eps1e-06]
tests/window1_spectral_adapter/test_spectral_adapter.py::test_real_growth_rates_and_history_no_fitting_or_synthesis[modal-validation.m04_q0p396_eps1e-04]
tests/window1_spectral_adapter/test_spectral_adapter.py::test_real_growth_rates_and_history_no_fitting_or_synthesis[modal-validation.m04_q0p396_eps1e-05]
tests/window1_spectral_adapter/test_spectral_adapter.py::test_real_growth_rates_and_history_no_fitting_or_synthesis[modal-validation.m04_q0p396_eps1e-06]
tests/window1_spectral_adapter/test_spectral_adapter.py::test_real_growth_rates_and_history_no_fitting_or_synthesis[modal-validation.m08_q0p000_eps1e-04]
tests/window1_spectral_adapter/test_spectral_adapter.py::test_real_growth_rates_and_history_no_fitting_or_synthesis[modal-validation.m08_q0p000_eps1e-05]
tests/window1_spectral_adapter/test_spectral_adapter.py::test_real_growth_rates_and_history_no_fitting_or_synthesis[modal-validation.m08_q0p000_eps1e-06]
tests/window1_spectral_adapter/test_spectral_adapter.py::test_real_growth_rates_and_history_no_fitting_or_synthesis[modal-validation.m08_q0p396_eps1e-04]
tests/window1_spectral_adapter/test_spectral_adapter.py::test_real_growth_rates_and_history_no_fitting_or_synthesis[modal-validation.m08_q0p396_eps1e-05]
tests/window1_spectral_adapter/test_spectral_adapter.py::test_real_growth_rates_and_history_no_fitting_or_synthesis[modal-validation.m08_q0p396_eps1e-06]
tests/window1_spectral_adapter/test_spectral_adapter.py::test_real_growth_rates_and_history_no_fitting_or_synthesis[modal-validation.m12_q0p000_eps1e-04]
tests/window1_spectral_adapter/test_spectral_adapter.py::test_real_growth_rates_and_history_no_fitting_or_synthesis[modal-validation.m12_q0p000_eps1e-05]
tests/window1_spectral_adapter/test_spectral_adapter.py::test_real_growth_rates_and_history_no_fitting_or_synthesis[modal-validation.m12_q0p000_eps1e-06]
tests/window1_spectral_adapter/test_spectral_adapter.py::test_real_growth_rates_and_history_no_fitting_or_synthesis[modal-validation.m12_q0p396_eps1e-04]
tests/window1_spectral_adapter/test_spectral_adapter.py::test_real_growth_rates_and_history_no_fitting_or_synthesis[modal-validation.m12_q0p396_eps1e-05]
tests/window1_spectral_adapter/test_spectral_adapter.py::test_real_growth_rates_and_history_no_fitting_or_synthesis[modal-validation.m12_q0p396_eps1e-06]
tests/window1_spectral_adapter/test_spectral_adapter.py::test_real_pinned_inventory_and_manifest_baselines
tests/window2_case8_api/test_case8_api_contract.py::test_sys01_unchanged_by_window2
tests/window2_case8_api/test_case8_api_contract.py::test_reg01_lists_six_experiments_without_values
tests/window2_case8_api/test_case8_api_contract.py::test_reg02_03_04_case8_are_served_from_the_adapter
tests/window2_case8_api/test_case8_api_contract.py::test_reg02_unknown_experiment_is_404_and_planned_family_is_503
tests/window2_case8_api/test_case8_api_contract.py::test_registry_revision_is_pinned_not_silently_swapped
tests/window2_case8_api/test_case8_api_contract.py::test_c801_returns_six_recorded_indices
tests/window2_case8_api/test_case8_api_contract.py::test_c802_recorded_snapshot_is_valid[1]
tests/window2_case8_api/test_case8_api_contract.py::test_c802_recorded_snapshot_is_valid[6]
tests/window2_case8_api/test_case8_api_contract.py::test_c802_sixth_snapshot_matches_frozen_step_and_time
tests/window2_case8_api/test_case8_api_contract.py::test_c802_zero_and_non_integer_indices_are_invalid_request[0]
tests/window2_case8_api/test_case8_api_contract.py::test_c802_zero_and_non_integer_indices_are_invalid_request[-1]
tests/window2_case8_api/test_case8_api_contract.py::test_c802_zero_and_non_integer_indices_are_invalid_request[abc]
tests/window2_case8_api/test_case8_api_contract.py::test_c802_zero_and_non_integer_indices_are_invalid_request[1.5]
tests/window2_case8_api/test_case8_api_contract.py::test_c802_zero_is_never_converted_to_one
tests/window2_case8_api/test_case8_api_contract.py::test_c802_seventh_index_is_missing_not_unknown
tests/window2_case8_api/test_case8_api_contract.py::test_c802_unknown_field_is_rejected_without_silent_projection
tests/window2_case8_api/test_case8_api_contract.py::test_c802_known_field_projects_only_that_field
tests/window2_case8_api/test_case8_api_contract.py::test_c803_field_keeps_its_own_header_and_array_reference
tests/window2_case8_api/test_case8_api_contract.py::test_real_registered_c_config_is_distinct_from_unknown_config
tests/window2_case8_api/test_case8_api_contract.py::test_c804_declares_full_history_length_for_a_single_point_page
tests/window2_case8_api/test_case8_api_contract.py::test_c804_default_page_returns_every_recorded_point
tests/window2_case8_api/test_case8_api_contract.py::test_c804_offset_past_end_is_a_valid_empty_page
tests/window2_case8_api/test_case8_api_contract.py::test_c804_source_step_stays_zero_based_while_canonical_step_is_one_based
tests/window2_case8_api/test_case8_api_contract.py::test_c804_repeated_series_is_accepted_and_duplicates_are_not
tests/window2_case8_api/test_case8_api_contract.py::test_c805_series_comes_from_the_path_not_a_repeated_query
tests/window2_case8_api/test_case8_api_contract.py::test_c806_metrics_are_delivered_with_definition_and_detector
tests/window2_case8_api/test_case8_api_contract.py::test_c808_pinned_requires_snapshot_and_nearest_forbids_it
tests/window2_case8_api/test_case8_api_contract.py::test_array01_returns_flat_values_matching_the_descriptor
tests/window2_case8_api/test_case8_api_contract.py::test_array01_has_no_free_file_or_dtype_parameters
tests/window2_case8_api/test_case8_api_contract.py::test_evi02_evidence_detail_and_evi03_provenance
tests/window2_case8_api/test_case8_api_contract.py::test_404_and_405_are_json_in_the_api_namespace
tests/window2_case8_api/test_case8_api_contract.py::test_every_response_is_no_store_with_a_server_request_id
tests/window2_case8_api/test_case8_api_contract.py::test_undelivered_adapter_reports_feature_not_enabled
tests/window2_case8_api/test_case8_api_contract.py::test_openapi_operations_match_the_catalog_and_runtime_routes
tests/window2_case8_api/test_case8_api_contract.py::test_openapi_paths_and_methods_match_the_catalog_exactly
tests/window2_case8_api/test_case8_api_contract.py::test_openapi_declares_path_parameters_as_required[/api/v1/experiments-get]
tests/window2_case8_api/test_case8_api_contract.py::test_openapi_declares_path_parameters_as_required[/api/v1/experiments/case8/configs/{config_id}/snapshots/{snapshot_index}-get]
tests/window2_case8_api/test_case8_api_contract.py::test_openapi_declares_path_parameters_as_required[/api/v1/results/{result_id}/arrays/{array_id}-get]
tests/window2_case8_api/test_case8_api_contract.py::test_documented_errors_are_real_contract_codes
tests/window2_case8_api/test_case8_api_contract.py::test_responses_validate_against_the_exported_openapi_schema[/api/v1/system]
tests/window2_case8_api/test_case8_api_contract.py::test_responses_validate_against_the_exported_openapi_schema[/api/v1/experiments]
tests/window2_case8_api/test_case8_api_contract.py::test_responses_validate_against_the_exported_openapi_schema[/api/v1/experiments/case8]
tests/window2_case8_api/test_case8_api_contract.py::test_responses_validate_against_the_exported_openapi_schema[/api/v1/experiments/case8/configs]
tests/window2_case8_api/test_case8_api_contract.py::test_responses_validate_against_the_exported_openapi_schema[/api/v1/experiments/case8/capabilities]
tests/window2_case8_api/test_case8_api_contract.py::test_responses_validate_against_the_exported_openapi_schema[/api/v1/experiments/case8/configs/D_u/snapshots]
tests/window2_case8_api/test_case8_api_contract.py::test_responses_validate_against_the_exported_openapi_schema[/api/v1/experiments/case8/configs/D_u/snapshots/6]
tests/window2_case8_api/test_case8_api_contract.py::test_responses_validate_against_the_exported_openapi_schema[/api/v1/experiments/case8/configs/D_u/snapshots/6/fields/density]
tests/window2_case8_api/test_case8_api_contract.py::test_responses_validate_against_the_exported_openapi_schema[/api/v1/experiments/case8/configs/D_u/entropy-history?limit=2]
tests/window2_case8_api/test_case8_api_contract.py::test_responses_validate_against_the_exported_openapi_schema[/api/v1/experiments/case8/configs/D_u/scalar-series/E_at_cumulative?limit=2]
tests/window2_case8_api/test_case8_api_contract.py::test_responses_validate_against_the_exported_openapi_schema[/api/v1/experiments/case8/configs/D_u/metrics]
tests/window2_case8_api/test_case8_api_contract.py::test_responses_validate_against_the_exported_openapi_schema[/api/v1/experiments/case8/configs/D_u/snapshot-alignment?scalar_step=1912&policy=PINNED&snapshot_index=6]
tests/window2_case8_api/test_case8_api_contract.py::test_responses_validate_against_the_exported_openapi_schema[/api/v1/results/mock.case8.D_u.snapshot.6.density/arrays/density]
tests/window2_case8_api/test_case8_api_contract.py::test_responses_validate_against_the_exported_openapi_schema[/api/v1/evidence/mock.evidence.adapter]
tests/window2_case8_api/test_case8_api_contract.py::test_responses_validate_against_the_exported_openapi_schema[/api/v1/results/mock.case8.D_u.snapshot.6.density/provenance]
tests/window2_case8_api/test_case8_api_contract.py::test_openapi_declares_a_documented_error_schema_too
tests/window2_case8_api/test_case8_api_contract.py::test_service_revalidates_adapter_output_before_the_handler_sees_it
tests/window2_case8_api/test_case8_api_contract.py::test_fake_adapter_is_confined_to_the_test_tree
tests/window2_case8_api/test_case8_api_contract.py::test_client_never_supplies_a_scientific_path
tests/window2_closure_api/test_closure_api.py::test_clo01_exactly_five_complete_frozen_runs
tests/window2_closure_api/test_closure_api.py::test_clo02_all_five_identity_cfl_terminal_and_zero_channel[D_u-cfl-0.2]
tests/window2_closure_api/test_closure_api.py::test_clo02_all_five_identity_cfl_terminal_and_zero_channel[D_u-cfl-0.1]
tests/window2_closure_api/test_closure_api.py::test_clo02_all_five_identity_cfl_terminal_and_zero_channel[D_u-cfl-0.05]
tests/window2_closure_api/test_closure_api.py::test_clo02_all_five_identity_cfl_terminal_and_zero_channel[D_u-cfl-0.025]
tests/window2_closure_api/test_closure_api.py::test_clo02_all_five_identity_cfl_terminal_and_zero_channel[B_u-cfl-0.05]
tests/window2_closure_api/test_closure_api.py::test_clo03_clo04_saved_rows_source_clock_stage_indices_and_totals[stage-PER_STAGE-columns0-D_u-cfl-0.2]
tests/window2_closure_api/test_closure_api.py::test_clo03_clo04_saved_rows_source_clock_stage_indices_and_totals[stage-PER_STAGE-columns0-D_u-cfl-0.1]
tests/window2_closure_api/test_closure_api.py::test_clo03_clo04_saved_rows_source_clock_stage_indices_and_totals[stage-PER_STAGE-columns0-D_u-cfl-0.05]
tests/window2_closure_api/test_closure_api.py::test_clo03_clo04_saved_rows_source_clock_stage_indices_and_totals[stage-PER_STAGE-columns0-D_u-cfl-0.025]
tests/window2_closure_api/test_closure_api.py::test_clo03_clo04_saved_rows_source_clock_stage_indices_and_totals[stage-PER_STAGE-columns0-B_u-cfl-0.05]
tests/window2_closure_api/test_closure_api.py::test_clo03_clo04_saved_rows_source_clock_stage_indices_and_totals[step-PER_STEP-columns1-D_u-cfl-0.2]
tests/window2_closure_api/test_closure_api.py::test_clo03_clo04_saved_rows_source_clock_stage_indices_and_totals[step-PER_STEP-columns1-D_u-cfl-0.1]
tests/window2_closure_api/test_closure_api.py::test_clo03_clo04_saved_rows_source_clock_stage_indices_and_totals[step-PER_STEP-columns1-D_u-cfl-0.05]
tests/window2_closure_api/test_closure_api.py::test_clo03_clo04_saved_rows_source_clock_stage_indices_and_totals[step-PER_STEP-columns1-D_u-cfl-0.025]
tests/window2_closure_api/test_closure_api.py::test_clo03_clo04_saved_rows_source_clock_stage_indices_and_totals[step-PER_STEP-columns1-B_u-cfl-0.05]
tests/window2_closure_api/test_closure_api.py::test_default_history_query_uses_existing_bounds_and_complete_series
tests/window2_closure_api/test_closure_api.py::test_clo05_four_du_recorded_refinement_points_existing_slopes
tests/window2_closure_api/test_closure_api.py::test_recognized_invalid_combinations_are_422[B_u-cfl-0.1-]
tests/window2_closure_api/test_closure_api.py::test_recognized_invalid_combinations_are_422[B_u-cfl-0.1-/stage-history]
tests/window2_closure_api/test_closure_api.py::test_recognized_invalid_combinations_are_422[B_u-cfl-0.1-/step-history]
tests/window2_closure_api/test_closure_api.py::test_recognized_invalid_combinations_are_422[D_u-cfl-0.03-]
tests/window2_closure_api/test_closure_api.py::test_recognized_invalid_combinations_are_422[D_u-cfl-0.03-/stage-history]
tests/window2_closure_api/test_closure_api.py::test_recognized_invalid_combinations_are_422[D_u-cfl-0.03-/step-history]
tests/window2_closure_api/test_closure_api.py::test_recognized_invalid_combinations_are_422[B_u-cfl-0.2-]
tests/window2_closure_api/test_closure_api.py::test_recognized_invalid_combinations_are_422[B_u-cfl-0.2-/stage-history]
tests/window2_closure_api/test_closure_api.py::test_recognized_invalid_combinations_are_422[B_u-cfl-0.2-/step-history]
tests/window2_closure_api/test_closure_api.py::test_recognized_invalid_combinations_are_422[D_u-cfl-0.005-]
tests/window2_closure_api/test_closure_api.py::test_recognized_invalid_combinations_are_422[D_u-cfl-0.005-/stage-history]
tests/window2_closure_api/test_closure_api.py::test_recognized_invalid_combinations_are_422[D_u-cfl-0.005-/step-history]
tests/window2_closure_api/test_closure_api.py::test_random_ids_are_404[random-run-]
tests/window2_closure_api/test_closure_api.py::test_random_ids_are_404[random-run-/stage-history]
tests/window2_closure_api/test_closure_api.py::test_random_ids_are_404[random-run-/step-history]
tests/window2_closure_api/test_closure_api.py::test_random_ids_are_404[not-registered-123-]
tests/window2_closure_api/test_closure_api.py::test_random_ids_are_404[not-registered-123-/stage-history]
tests/window2_closure_api/test_closure_api.py::test_random_ids_are_404[not-registered-123-/step-history]
tests/window2_closure_api/test_closure_api.py::test_random_ids_are_404[C_u-cfl-0.05-]
tests/window2_closure_api/test_closure_api.py::test_random_ids_are_404[C_u-cfl-0.05-/stage-history]
tests/window2_closure_api/test_closure_api.py::test_random_ids_are_404[C_u-cfl-0.05-/step-history]
tests/window2_closure_api/test_closure_api.py::test_no_client_semantic_identity_or_pagination_override[series=G-stage]
tests/window2_closure_api/test_closure_api.py::test_no_client_semantic_identity_or_pagination_override[series=G-step]
tests/window2_closure_api/test_closure_api.py::test_no_client_semantic_identity_or_pagination_override[granularity=PER_STEP-stage]
tests/window2_closure_api/test_closure_api.py::test_no_client_semantic_identity_or_pagination_override[granularity=PER_STEP-step]
tests/window2_closure_api/test_closure_api.py::test_no_client_semantic_identity_or_pagination_override[sampling=PER_STAGE-stage]
tests/window2_closure_api/test_closure_api.py::test_no_client_semantic_identity_or_pagination_override[sampling=PER_STAGE-step]
tests/window2_closure_api/test_closure_api.py::test_no_client_semantic_identity_or_pagination_override[stage=1-stage]
tests/window2_closure_api/test_closure_api.py::test_no_client_semantic_identity_or_pagination_override[stage=1-step]
tests/window2_closure_api/test_closure_api.py::test_no_client_semantic_identity_or_pagination_override[stage_index=0-stage]
tests/window2_closure_api/test_closure_api.py::test_no_client_semantic_identity_or_pagination_override[stage_index=0-step]
tests/window2_closure_api/test_closure_api.py::test_no_client_semantic_identity_or_pagination_override[step=1-stage]
tests/window2_closure_api/test_closure_api.py::test_no_client_semantic_identity_or_pagination_override[step=1-step]
tests/window2_closure_api/test_closure_api.py::test_no_client_semantic_identity_or_pagination_override[step_index=1-stage]
tests/window2_closure_api/test_closure_api.py::test_no_client_semantic_identity_or_pagination_override[step_index=1-step]
tests/window2_closure_api/test_closure_api.py::test_no_client_semantic_identity_or_pagination_override[CFL=0.1-stage]
tests/window2_closure_api/test_closure_api.py::test_no_client_semantic_identity_or_pagination_override[CFL=0.1-step]
tests/window2_closure_api/test_closure_api.py::test_no_client_semantic_identity_or_pagination_override[cfl=0.1-stage]
tests/window2_closure_api/test_closure_api.py::test_no_client_semantic_identity_or_pagination_override[cfl=0.1-step]
tests/window2_closure_api/test_closure_api.py::test_no_client_semantic_identity_or_pagination_override[config=B_u-stage]
tests/window2_closure_api/test_closure_api.py::test_no_client_semantic_identity_or_pagination_override[config=B_u-step]
tests/window2_closure_api/test_closure_api.py::test_no_client_semantic_identity_or_pagination_override[config_id=B_u-stage]
tests/window2_closure_api/test_closure_api.py::test_no_client_semantic_identity_or_pagination_override[config_id=B_u-step]
tests/window2_closure_api/test_closure_api.py::test_no_client_semantic_identity_or_pagination_override[run_id=B_u-cfl-0.05-stage]
tests/window2_closure_api/test_closure_api.py::test_no_client_semantic_identity_or_pagination_override[run_id=B_u-cfl-0.05-step]
tests/window2_closure_api/test_closure_api.py::test_no_client_semantic_identity_or_pagination_override[offset=-1-stage]
tests/window2_closure_api/test_closure_api.py::test_no_client_semantic_identity_or_pagination_override[offset=-1-step]
tests/window2_closure_api/test_closure_api.py::test_no_client_semantic_identity_or_pagination_override[offset=1.5-stage]
tests/window2_closure_api/test_closure_api.py::test_no_client_semantic_identity_or_pagination_override[offset=1.5-step]
tests/window2_closure_api/test_closure_api.py::test_no_client_semantic_identity_or_pagination_override[limit=0-stage]
tests/window2_closure_api/test_closure_api.py::test_no_client_semantic_identity_or_pagination_override[limit=0-step]
tests/window2_closure_api/test_closure_api.py::test_no_client_semantic_identity_or_pagination_override[limit=5001-stage]
tests/window2_closure_api/test_closure_api.py::test_no_client_semantic_identity_or_pagination_override[limit=5001-step]
tests/window2_closure_api/test_closure_api.py::test_no_client_semantic_identity_or_pagination_override[limit=two-stage]
tests/window2_closure_api/test_closure_api.py::test_no_client_semantic_identity_or_pagination_override[limit=two-step]
tests/window2_closure_api/test_closure_api.py::test_no_client_semantic_identity_or_pagination_override[offset=0&offset=1-stage]
tests/window2_closure_api/test_closure_api.py::test_no_client_semantic_identity_or_pagination_override[offset=0&offset=1-step]
tests/window2_closure_api/test_closure_api.py::test_no_client_semantic_identity_or_pagination_override[limit=1&limit=2-stage]
tests/window2_closure_api/test_closure_api.py::test_no_client_semantic_identity_or_pagination_override[limit=1&limit=2-step]
tests/window2_closure_api/test_closure_api.py::test_no_client_semantic_identity_or_pagination_override[formula=G%2BD_total-stage]
tests/window2_closure_api/test_closure_api.py::test_no_client_semantic_identity_or_pagination_override[formula=G%2BD_total-step]
tests/window2_closure_api/test_closure_api.py::test_no_spatial_or_unfrozen_routes[spatial]
tests/window2_closure_api/test_closure_api.py::test_no_spatial_or_unfrozen_routes[fields]
tests/window2_closure_api/test_closure_api.py::test_no_spatial_or_unfrozen_routes[snapshots]
tests/window2_closure_api/test_closure_api.py::test_no_spatial_or_unfrozen_routes[trajectory]
tests/window2_closure_api/test_closure_api.py::test_no_spatial_or_unfrozen_routes[arbitrary-cfl]
tests/window2_closure_api/test_closure_api.py::test_no_spatial_or_unfrozen_routes[run-new]
tests/window2_closure_api/test_closure_api.py::test_no_spatial_or_unfrozen_routes[allocation]
tests/window2_closure_api/test_closure_api.py::test_no_spatial_or_unfrozen_routes[spectrum]
tests/window2_closure_api/test_closure_api.py::test_real_registry_activation_tabs_and_unsupported_capabilities
tests/window2_closure_api/test_closure_api.py::test_all_evidence_groups_and_result_provenance_resolve[ev.entropy-closure.B_u-cfl-0.05.run]
tests/window2_closure_api/test_closure_api.py::test_all_evidence_groups_and_result_provenance_resolve[ev.entropy-closure.B_u-cfl-0.05.stage]
tests/window2_closure_api/test_closure_api.py::test_all_evidence_groups_and_result_provenance_resolve[ev.entropy-closure.B_u-cfl-0.05.step]
tests/window2_closure_api/test_closure_api.py::test_all_evidence_groups_and_result_provenance_resolve[ev.entropy-closure.D_u-cfl-0.025.run]
tests/window2_closure_api/test_closure_api.py::test_all_evidence_groups_and_result_provenance_resolve[ev.entropy-closure.D_u-cfl-0.025.stage]
tests/window2_closure_api/test_closure_api.py::test_all_evidence_groups_and_result_provenance_resolve[ev.entropy-closure.D_u-cfl-0.025.step]
tests/window2_closure_api/test_closure_api.py::test_all_evidence_groups_and_result_provenance_resolve[ev.entropy-closure.D_u-cfl-0.05.run]
tests/window2_closure_api/test_closure_api.py::test_all_evidence_groups_and_result_provenance_resolve[ev.entropy-closure.D_u-cfl-0.05.stage]
tests/window2_closure_api/test_closure_api.py::test_all_evidence_groups_and_result_provenance_resolve[ev.entropy-closure.D_u-cfl-0.05.step]
tests/window2_closure_api/test_closure_api.py::test_all_evidence_groups_and_result_provenance_resolve[ev.entropy-closure.D_u-cfl-0.1.run]
tests/window2_closure_api/test_closure_api.py::test_all_evidence_groups_and_result_provenance_resolve[ev.entropy-closure.D_u-cfl-0.1.stage]
tests/window2_closure_api/test_closure_api.py::test_all_evidence_groups_and_result_provenance_resolve[ev.entropy-closure.D_u-cfl-0.1.step]
tests/window2_closure_api/test_closure_api.py::test_all_evidence_groups_and_result_provenance_resolve[ev.entropy-closure.D_u-cfl-0.2.run]
tests/window2_closure_api/test_closure_api.py::test_all_evidence_groups_and_result_provenance_resolve[ev.entropy-closure.D_u-cfl-0.2.stage]
tests/window2_closure_api/test_closure_api.py::test_all_evidence_groups_and_result_provenance_resolve[ev.entropy-closure.D_u-cfl-0.2.step]
tests/window2_closure_api/test_closure_api.py::test_all_evidence_groups_and_result_provenance_resolve[ev.entropy-closure.D_u.temporal-refinement]
tests/window2_closure_api/test_closure_api.py::test_source_missing_is_typed_scientific_error[CLO01]
tests/window2_closure_api/test_closure_api.py::test_source_missing_is_typed_scientific_error[CLO02]
tests/window2_closure_api/test_closure_api.py::test_source_missing_is_typed_scientific_error[CLO03]
tests/window2_closure_api/test_closure_api.py::test_source_missing_is_typed_scientific_error[CLO04]
tests/window2_closure_api/test_closure_api.py::test_source_missing_is_typed_scientific_error[CLO05]
tests/window2_closure_api/test_closure_api.py::test_adapter_disabled_and_schema_mismatch_fail_closed
tests/window2_closure_api/test_closure_api.py::test_typed_source_failures_are_documented[SOURCE_DATA_DRIFT-409]
tests/window2_closure_api/test_closure_api.py::test_typed_source_failures_are_documented[SOURCE_CHANGED_DURING_READ-409]
tests/window2_closure_api/test_closure_api.py::test_typed_source_failures_are_documented[SOURCE_READ_ERROR-500]
tests/window2_closure_api/test_closure_api.py::test_exact_five_openapi_operations_export_equality_and_wire_schema
tests/window2_closure_api/test_closure_api.py::test_generated_types_are_repeatable_and_contain_exact_operations
tests/window2_closure_api/test_closure_api.py::test_scientific_sources_and_window1_adapter_bytes_preserved
tests/window2_cylinder_crossflow_api/test_cylinder_crossflow_api.py::test_exact_frozen_operations_openapi_and_generated_contract
tests/window2_cylinder_crossflow_api/test_cylinder_crossflow_api.py::test_reject_config_consistently[C_u-422-UNSUPPORTED_COMBINATION-CYL01]
tests/window2_cylinder_crossflow_api/test_cylinder_crossflow_api.py::test_reject_config_consistently[C_u-422-UNSUPPORTED_COMBINATION-CYL02]
tests/window2_cylinder_crossflow_api/test_cylinder_crossflow_api.py::test_reject_config_consistently[C_u-422-UNSUPPORTED_COMBINATION-CYL03]
tests/window2_cylinder_crossflow_api/test_cylinder_crossflow_api.py::test_reject_config_consistently[C_u-422-UNSUPPORTED_COMBINATION-CYL04]
tests/window2_cylinder_crossflow_api/test_cylinder_crossflow_api.py::test_reject_config_consistently[C_u-422-UNSUPPORTED_COMBINATION-CYL05]
tests/window2_cylinder_crossflow_api/test_cylinder_crossflow_api.py::test_reject_config_consistently[C_u-422-UNSUPPORTED_COMBINATION-CYL06]
tests/window2_cylinder_crossflow_api/test_cylinder_crossflow_api.py::test_reject_config_consistently[C_u-422-UNSUPPORTED_COMBINATION-CYL07]
tests/window2_cylinder_crossflow_api/test_cylinder_crossflow_api.py::test_reject_config_consistently[C_u-422-UNSUPPORTED_COMBINATION-CYL08]
tests/window2_cylinder_crossflow_api/test_cylinder_crossflow_api.py::test_reject_config_consistently[C_u-422-UNSUPPORTED_COMBINATION-CYL09]
tests/window2_cylinder_crossflow_api/test_cylinder_crossflow_api.py::test_reject_config_consistently[Z_u-404-UNKNOWN_CONFIG-CYL01]
tests/window2_cylinder_crossflow_api/test_cylinder_crossflow_api.py::test_reject_config_consistently[Z_u-404-UNKNOWN_CONFIG-CYL02]
tests/window2_cylinder_crossflow_api/test_cylinder_crossflow_api.py::test_reject_config_consistently[Z_u-404-UNKNOWN_CONFIG-CYL03]
tests/window2_cylinder_crossflow_api/test_cylinder_crossflow_api.py::test_reject_config_consistently[Z_u-404-UNKNOWN_CONFIG-CYL04]
tests/window2_cylinder_crossflow_api/test_cylinder_crossflow_api.py::test_reject_config_consistently[Z_u-404-UNKNOWN_CONFIG-CYL05]
tests/window2_cylinder_crossflow_api/test_cylinder_crossflow_api.py::test_reject_config_consistently[Z_u-404-UNKNOWN_CONFIG-CYL06]
tests/window2_cylinder_crossflow_api/test_cylinder_crossflow_api.py::test_reject_config_consistently[Z_u-404-UNKNOWN_CONFIG-CYL07]
tests/window2_cylinder_crossflow_api/test_cylinder_crossflow_api.py::test_reject_config_consistently[Z_u-404-UNKNOWN_CONFIG-CYL08]
tests/window2_cylinder_crossflow_api/test_cylinder_crossflow_api.py::test_reject_config_consistently[Z_u-404-UNKNOWN_CONFIG-CYL09]
tests/window2_cylinder_crossflow_api/test_cylinder_crossflow_api.py::test_registered_configs_and_five_actual_snapshots[A_u]
tests/window2_cylinder_crossflow_api/test_cylinder_crossflow_api.py::test_registered_configs_and_five_actual_snapshots[B_u]
tests/window2_cylinder_crossflow_api/test_cylinder_crossflow_api.py::test_registered_configs_and_five_actual_snapshots[D_u]
tests/window2_cylinder_crossflow_api/test_cylinder_crossflow_api.py::test_snapshot_invalid_syntax_is_400[/snapshots/0]
tests/window2_cylinder_crossflow_api/test_cylinder_crossflow_api.py::test_snapshot_invalid_syntax_is_400[/snapshots/-1]
tests/window2_cylinder_crossflow_api/test_cylinder_crossflow_api.py::test_snapshot_invalid_syntax_is_400[/snapshots/0/fields/radial_interior_pi_at]
tests/window2_cylinder_crossflow_api/test_cylinder_crossflow_api.py::test_snapshot_invalid_syntax_is_400[/snapshots/one]
tests/window2_cylinder_crossflow_api/test_cylinder_crossflow_api.py::test_snapshot_invalid_syntax_is_400[/metrics?snapshot_index=0]
tests/window2_cylinder_crossflow_api/test_cylinder_crossflow_api.py::test_history_all_9757_rows_exact_source_and_pagination[A_u]
tests/window2_cylinder_crossflow_api/test_cylinder_crossflow_api.py::test_history_all_9757_rows_exact_source_and_pagination[B_u]
tests/window2_cylinder_crossflow_api/test_cylinder_crossflow_api.py::test_history_all_9757_rows_exact_source_and_pagination[D_u]
tests/window2_cylinder_crossflow_api/test_cylinder_crossflow_api.py::test_history_default_and_repeated_stage_selection
tests/window2_cylinder_crossflow_api/test_cylinder_crossflow_api.py::test_allocation_partial_and_frozen_representations[A_u]
tests/window2_cylinder_crossflow_api/test_cylinder_crossflow_api.py::test_allocation_partial_and_frozen_representations[B_u]
tests/window2_cylinder_crossflow_api/test_cylinder_crossflow_api.py::test_allocation_partial_and_frozen_representations[D_u]
tests/window2_cylinder_crossflow_api/test_cylinder_crossflow_api.py::test_no_cumulative_2d_endpoint[cumulative-map]
tests/window2_cylinder_crossflow_api/test_cylinder_crossflow_api.py::test_no_cumulative_2d_endpoint[heatmap]
tests/window2_cylinder_crossflow_api/test_cylinder_crossflow_api.py::test_no_cumulative_2d_endpoint[spatial-map]
tests/window2_cylinder_crossflow_api/test_cylinder_crossflow_api.py::test_array01_real_fields_geometry_bins_all_channels[A_u]
tests/window2_cylinder_crossflow_api/test_cylinder_crossflow_api.py::test_array01_real_fields_geometry_bins_all_channels[B_u]
tests/window2_cylinder_crossflow_api/test_cylinder_crossflow_api.py::test_array01_real_fields_geometry_bins_all_channels[D_u]
tests/window2_cylinder_crossflow_api/test_cylinder_crossflow_api.py::test_canonical_owner_dispatch_rejects_fabricated_identity_without_cylinder_read
tests/window2_cylinder_crossflow_api/test_cylinder_crossflow_api.py::test_metrics_saved_values_original_detectors_and_floor[A_u]
tests/window2_cylinder_crossflow_api/test_cylinder_crossflow_api.py::test_metrics_saved_values_original_detectors_and_floor[B_u]
tests/window2_cylinder_crossflow_api/test_cylinder_crossflow_api.py::test_metrics_saved_values_original_detectors_and_floor[D_u]
tests/window2_cylinder_crossflow_api/test_cylinder_crossflow_api.py::test_comparison_registry_combinations_preserve_partial_sides[A_u-A_u]
tests/window2_cylinder_crossflow_api/test_cylinder_crossflow_api.py::test_comparison_registry_combinations_preserve_partial_sides[A_u-B_u]
tests/window2_cylinder_crossflow_api/test_cylinder_crossflow_api.py::test_comparison_registry_combinations_preserve_partial_sides[A_u-C_u]
tests/window2_cylinder_crossflow_api/test_cylinder_crossflow_api.py::test_comparison_registry_combinations_preserve_partial_sides[A_u-D_u]
tests/window2_cylinder_crossflow_api/test_cylinder_crossflow_api.py::test_comparison_registry_combinations_preserve_partial_sides[B_u-A_u]
tests/window2_cylinder_crossflow_api/test_cylinder_crossflow_api.py::test_comparison_registry_combinations_preserve_partial_sides[B_u-B_u]
tests/window2_cylinder_crossflow_api/test_cylinder_crossflow_api.py::test_comparison_registry_combinations_preserve_partial_sides[B_u-C_u]
tests/window2_cylinder_crossflow_api/test_cylinder_crossflow_api.py::test_comparison_registry_combinations_preserve_partial_sides[B_u-D_u]
tests/window2_cylinder_crossflow_api/test_cylinder_crossflow_api.py::test_comparison_registry_combinations_preserve_partial_sides[D_u-A_u]
tests/window2_cylinder_crossflow_api/test_cylinder_crossflow_api.py::test_comparison_registry_combinations_preserve_partial_sides[D_u-B_u]
tests/window2_cylinder_crossflow_api/test_cylinder_crossflow_api.py::test_comparison_registry_combinations_preserve_partial_sides[D_u-C_u]
tests/window2_cylinder_crossflow_api/test_cylinder_crossflow_api.py::test_comparison_registry_combinations_preserve_partial_sides[D_u-D_u]
tests/window2_cylinder_crossflow_api/test_cylinder_crossflow_api.py::test_comparison_default_semantics_explicit_rules_and_no_ranking
tests/window2_cylinder_crossflow_api/test_cylinder_crossflow_api.py::test_comparison_budget_projection_retains_child_value_and_provenance
tests/window2_cylinder_crossflow_api/test_cylinder_crossflow_api.py::test_comparison_evidence_closure_and_array_references
tests/window2_cylinder_crossflow_api/test_cylinder_crossflow_api.py::test_comparison_invalid_query_rejected[cylinder_config=C_u-422-UNSUPPORTED_COMBINATION]
tests/window2_cylinder_crossflow_api/test_cylinder_crossflow_api.py::test_comparison_invalid_query_rejected[case8_config=Z_u-404-UNKNOWN_CONFIG]
tests/window2_cylinder_crossflow_api/test_cylinder_crossflow_api.py::test_comparison_invalid_query_rejected[cylinder_config=Z_u-404-UNKNOWN_CONFIG]
tests/window2_cylinder_crossflow_api/test_cylinder_crossflow_api.py::test_comparison_invalid_query_rejected[q_at=.2-400-INVALID_REQUEST]
tests/window2_cylinder_crossflow_api/test_cylinder_crossflow_api.py::test_comparison_invalid_query_rejected[normalize=true-400-INVALID_REQUEST]
tests/window2_cylinder_crossflow_api/test_cylinder_crossflow_api.py::test_comparison_invalid_query_rejected[sort=front_band-400-INVALID_REQUEST]
tests/window2_cylinder_crossflow_api/test_cylinder_crossflow_api.py::test_comparison_invalid_query_rejected[winner=true-400-INVALID_REQUEST]
tests/window2_cylinder_crossflow_api/test_cylinder_crossflow_api.py::test_comparison_invalid_query_rejected[case8_config=A_u&case8_config=D_u-400-INVALID_REQUEST]
tests/window2_cylinder_crossflow_api/test_cylinder_crossflow_api.py::test_comparison_invalid_query_rejected[registry_revision=unknown-409-REVISION_UNAVAILABLE]
tests/window2_cylinder_crossflow_api/test_cylinder_crossflow_api.py::test_cylinder_invalid_query_rejected[q_at=.2]
tests/window2_cylinder_crossflow_api/test_cylinder_crossflow_api.py::test_cylinder_invalid_query_rejected[time=1]
tests/window2_cylinder_crossflow_api/test_cylinder_crossflow_api.py::test_cylinder_invalid_query_rejected[limit=5001]
tests/window2_cylinder_crossflow_api/test_cylinder_crossflow_api.py::test_cylinder_invalid_query_rejected[limit=1&limit=2]
tests/window2_cylinder_crossflow_api/test_cylinder_crossflow_api.py::test_cylinder_invalid_query_rejected[series=E_at_cumulative&config_id=A_u]
tests/window2_cylinder_crossflow_api/test_cylinder_crossflow_api.py::test_local_missing_child_keeps_other_side_and_budget
tests/window2_cylinder_crossflow_api/test_cylinder_crossflow_api.py::test_front_band_missing_keeps_independent_sectors
tests/window2_cylinder_crossflow_api/test_cylinder_crossflow_api.py::test_partial_metric_collection_retains_available_metrics
tests/window2_cylinder_crossflow_api/test_cylinder_crossflow_api.py::test_wrong_child_identity_is_server_schema_error
tests/window2_cylinder_crossflow_api/test_cylinder_crossflow_api.py::test_frozen_model_rejects_shared_ranking_and_side_swaps
tests/window2_cylinder_crossflow_api/test_cylinder_crossflow_api.py::test_responses_validate_against_actual_openapi
tests/window2_cylinder_crossflow_api/test_cylinder_crossflow_api.py::test_cylinder_revisions_match_registered_owner
tests/window2_gate_allocation/test_gate_allocation_adapter.py::test_exactly_three_gates
tests/window2_gate_allocation/test_gate_allocation_adapter.py::test_every_gate_loads_allocation[Acoustic]
tests/window2_gate_allocation/test_gate_allocation_adapter.py::test_every_gate_loads_allocation[Pressure]
tests/window2_gate_allocation/test_gate_allocation_adapter.py::test_every_gate_loads_allocation[Ungated]
tests/window2_gate_allocation/test_gate_allocation_adapter.py::test_no_fourth_gate_is_created
tests/window2_gate_allocation/test_gate_allocation_adapter.py::test_matched_qat_only_the_three_frozen_values
tests/window2_gate_allocation/test_gate_allocation_adapter.py::test_array_shape_and_dtype[Acoustic]
tests/window2_gate_allocation/test_gate_allocation_adapter.py::test_array_shape_and_dtype[Pressure]
tests/window2_gate_allocation/test_gate_allocation_adapter.py::test_array_shape_and_dtype[Ungated]
tests/window2_gate_allocation/test_gate_allocation_adapter.py::test_array_matches_saved_npy_elementwise[Acoustic]
tests/window2_gate_allocation/test_gate_allocation_adapter.py::test_array_matches_saved_npy_elementwise[Pressure]
tests/window2_gate_allocation/test_gate_allocation_adapter.py::test_array_matches_saved_npy_elementwise[Ungated]
tests/window2_gate_allocation/test_gate_allocation_adapter.py::test_array_is_real_not_zero_filled[Acoustic]
tests/window2_gate_allocation/test_gate_allocation_adapter.py::test_array_is_real_not_zero_filled[Pressure]
tests/window2_gate_allocation/test_gate_allocation_adapter.py::test_array_is_real_not_zero_filled[Ungated]
tests/window2_gate_allocation/test_gate_allocation_adapter.py::test_normalization_equals_frozen_budget[Acoustic]
tests/window2_gate_allocation/test_gate_allocation_adapter.py::test_normalization_equals_frozen_budget[Pressure]
tests/window2_gate_allocation/test_gate_allocation_adapter.py::test_normalization_equals_frozen_budget[Ungated]
tests/window2_gate_allocation/test_gate_allocation_adapter.py::test_recorded_hash_matches_source[Acoustic]
tests/window2_gate_allocation/test_gate_allocation_adapter.py::test_recorded_hash_matches_source[Pressure]
tests/window2_gate_allocation/test_gate_allocation_adapter.py::test_recorded_hash_matches_source[Ungated]
tests/window2_gate_allocation/test_gate_allocation_adapter.py::test_supporting_registry_hashes_match_source
tests/window2_gate_allocation/test_gate_allocation_adapter.py::test_cell_field_semantics[Acoustic]
tests/window2_gate_allocation/test_gate_allocation_adapter.py::test_cell_field_semantics[Pressure]
tests/window2_gate_allocation/test_gate_allocation_adapter.py::test_cell_field_semantics[Ungated]
tests/window2_gate_allocation/test_gate_allocation_adapter.py::test_time_semantics_static_trajectory_integrated[Acoustic]
tests/window2_gate_allocation/test_gate_allocation_adapter.py::test_time_semantics_static_trajectory_integrated[Pressure]
tests/window2_gate_allocation/test_gate_allocation_adapter.py::test_time_semantics_static_trajectory_integrated[Ungated]
tests/window2_gate_allocation/test_gate_allocation_adapter.py::test_measure_includes_spatial_and_time_weights[Acoustic]
tests/window2_gate_allocation/test_gate_allocation_adapter.py::test_measure_includes_spatial_and_time_weights[Pressure]
tests/window2_gate_allocation/test_gate_allocation_adapter.py::test_measure_includes_spatial_and_time_weights[Ungated]
tests/window2_gate_allocation/test_gate_allocation_adapter.py::test_origin_is_frozen_production[Acoustic]
tests/window2_gate_allocation/test_gate_allocation_adapter.py::test_origin_is_frozen_production[Pressure]
tests/window2_gate_allocation/test_gate_allocation_adapter.py::test_origin_is_frozen_production[Ungated]
tests/window2_gate_allocation/test_gate_allocation_adapter.py::test_shock_window_mask_is_cell_window[Acoustic]
tests/window2_gate_allocation/test_gate_allocation_adapter.py::test_shock_window_mask_is_cell_window[Pressure]
tests/window2_gate_allocation/test_gate_allocation_adapter.py::test_shock_window_mask_is_cell_window[Ungated]
tests/window2_gate_allocation/test_gate_allocation_adapter.py::test_summary_fractions_from_frozen_analysis[Acoustic]
tests/window2_gate_allocation/test_gate_allocation_adapter.py::test_summary_fractions_from_frozen_analysis[Pressure]
tests/window2_gate_allocation/test_gate_allocation_adapter.py::test_summary_fractions_from_frozen_analysis[Ungated]
tests/window2_gate_allocation/test_gate_allocation_adapter.py::test_description_is_cell_only
tests/window2_gate_allocation/test_gate_allocation_adapter.py::test_metadata_carries_no_values[Acoustic]
tests/window2_gate_allocation/test_gate_allocation_adapter.py::test_metadata_carries_no_values[Pressure]
tests/window2_gate_allocation/test_gate_allocation_adapter.py::test_metadata_carries_no_values[Ungated]
tests/window2_gate_allocation/test_gate_allocation_adapter.py::test_never_converted_to_faces[Acoustic]
tests/window2_gate_allocation/test_gate_allocation_adapter.py::test_never_converted_to_faces[Pressure]
tests/window2_gate_allocation/test_gate_allocation_adapter.py::test_never_converted_to_faces[Ungated]
tests/window2_gate_allocation/test_gate_allocation_adapter.py::test_missing_root_raises_typed_error
tests/window2_gate_allocation/test_gate_allocation_adapter.py::test_unknown_gate_is_missing_not_empty_success
tests/window2_gate_allocation/test_gate_allocation_adapter.py::test_unsupported_experiment_is_unsupported
tests/window2_gate_allocation/test_gate_allocation_adapter.py::test_unknown_array_id_is_rejected
tests/window2_gate_allocation/test_gate_allocation_adapter.py::test_unknown_mask_id_is_rejected
tests/window2_gate_allocation/test_gate_allocation_adapter.py::test_drifted_array_is_not_silently_accepted
tests/window2_gate_allocation/test_gate_allocation_adapter.py::test_adapter_satisfies_allocation_protocol
tests/window2_gate_allocation/test_gate_allocation_adapter.py::test_scientific_source_unchanged
tests/window2_gate_allocation/test_gate_allocation_adapter.py::test_case8_adapter_is_not_gate_adapter
tests/window2_spectral_api/test_spectral_api_contract.py::test_all_spectral_operations_are_registered
tests/window2_spectral_api/test_spectral_api_contract.py::test_spectral_operations_are_in_the_exported_openapi
tests/window2_spectral_api/test_spectral_api_contract.py::test_openapi_paths_and_methods_match_the_catalog
tests/window2_spectral_api/test_spectral_api_contract.py::test_list_datasets_valid
tests/window2_spectral_api/test_spectral_api_contract.py::test_dataset_valid_carries_required_fields
tests/window2_spectral_api/test_spectral_api_contract.py::test_curve_valid_has_seventeen_ordered_points
tests/window2_spectral_api/test_spectral_api_contract.py::test_point_valid_carries_mode_index_and_required_fields
tests/window2_spectral_api/test_spectral_api_contract.py::test_eigenmode_valid_complex_vector
tests/window2_spectral_api/test_spectral_api_contract.py::test_eigenmode_valid_primitive_profile
tests/window2_spectral_api/test_spectral_api_contract.py::test_validation_valid_is_partial_with_issues
tests/window2_spectral_api/test_spectral_api_contract.py::test_validation_partial_envelope_matches_data_issues
tests/window2_spectral_api/test_spectral_api_contract.py::test_unknown_dataset_is_a_typed_404_unknown_spectrum
tests/window2_spectral_api/test_spectral_api_contract.py::test_missing_asset_is_a_typed_404
tests/window2_spectral_api/test_spectral_api_contract.py::test_missing_eigenmode_is_a_typed_404
tests/window2_spectral_api/test_spectral_api_contract.py::test_unknown_mode_is_a_typed_404
tests/window2_spectral_api/test_spectral_api_contract.py::test_unknown_validation_run_is_a_typed_404
tests/window2_spectral_api/test_spectral_api_contract.py::test_unsupported_selector_is_a_typed_422
tests/window2_spectral_api/test_spectral_api_contract.py::test_unsupported_component_for_complex_vector_is_rejected
tests/window2_spectral_api/test_spectral_api_contract.py::test_unsupported_left_primitive_profile_is_rejected
tests/window2_spectral_api/test_spectral_api_contract.py::test_adapter_unsupported_slot_maps_to_422
tests/window2_spectral_api/test_spectral_api_contract.py::test_source_error_is_a_typed_500
tests/window2_spectral_api/test_spectral_api_contract.py::test_unknown_query_parameter_is_rejected
tests/window2_spectral_api/test_spectral_api_contract.py::test_non_integer_mode_selector_is_rejected
tests/window2_spectral_api/test_spectral_api_contract.py::test_undelivered_adapter_reports_feature_not_enabled
tests/window2_spectral_api/test_spectral_api_contract.py::test_revision_mismatch_is_rejected
tests/window2_spectral_api/test_spectral_api_contract.py::test_success_responses_validate_against_the_declared_schema[/api/v1/spectra]
tests/window2_spectral_api/test_spectral_api_contract.py::test_success_responses_validate_against_the_declared_schema[/api/v1/spectra/mock.spectrum.q-0.396]
tests/window2_spectral_api/test_spectral_api_contract.py::test_success_responses_validate_against_the_declared_schema[/api/v1/spectra/mock.spectrum.q-0.396/points]
tests/window2_spectral_api/test_spectral_api_contract.py::test_success_responses_validate_against_the_declared_schema[/api/v1/spectra/mock.spectrum.q-0.396/points/8]
tests/window2_spectral_api/test_spectral_api_contract.py::test_success_responses_validate_against_the_declared_schema[/api/v1/spectra/mock.spectrum.q-0.396/eigenmodes/8]
tests/window2_spectral_api/test_spectral_api_contract.py::test_success_responses_validate_against_the_declared_schema[/api/v1/spectra/validation/mock.modal-validation.m8_q0.396_eps1e-05]
tests/window2_spectral_api/test_spectral_api_contract.py::test_validation_run_list_returns_the_full_registered_registry
tests/window2_spectral_api/test_spectral_api_contract.py::test_validation_run_list_is_adapter_independent
tests/window2_spectral_api/test_spectral_api_contract.py::test_validation_run_list_revalidates_against_the_declared_schema
tests/window3_allocation_api/test_allocation_api_contract.py::test_four_allocation_operations_are_registered
tests/window3_allocation_api/test_allocation_api_contract.py::test_allocation_operations_are_in_the_exported_openapi
tests/window3_allocation_api/test_allocation_api_contract.py::test_metadata_valid_returns_representation_type
tests/window3_allocation_api/test_allocation_api_contract.py::test_array_valid_returns_representation_type
tests/window3_allocation_api/test_allocation_api_contract.py::test_summary_valid_returns_representation_type
tests/window3_allocation_api/test_allocation_api_contract.py::test_comparison_valid_returns_representation_type
tests/window3_allocation_api/test_allocation_api_contract.py::test_missing_asset_is_a_typed_404[/api/v1/allocations/mock.case8.D_u.allocation/metadata]
tests/window3_allocation_api/test_allocation_api_contract.py::test_missing_asset_is_a_typed_404[/api/v1/allocations/mock.case8.D_u.allocation/arrays/mock.pi_at_x_faces]
tests/window3_allocation_api/test_allocation_api_contract.py::test_missing_asset_is_a_typed_404[/api/v1/allocations/mock.case8.D_u.allocation/summary]
tests/window3_allocation_api/test_allocation_api_contract.py::test_missing_asset_on_comparison
tests/window3_allocation_api/test_allocation_api_contract.py::test_unsupported_representation_is_a_typed_422
tests/window3_allocation_api/test_allocation_api_contract.py::test_unsupported_representation_on_array_summary_and_comparison
tests/window3_allocation_api/test_allocation_api_contract.py::test_source_error_is_a_typed_500
tests/window3_allocation_api/test_allocation_api_contract.py::test_unknown_query_parameter_is_rejected
tests/window3_allocation_api/test_allocation_api_contract.py::test_undelivered_adapter_reports_feature_not_enabled
tests/window3_allocation_api/test_allocation_api_contract.py::test_revision_mismatch_is_rejected

1644 tests collected in 3.26s
